date,source,count,product
2015-02-20T10:23:31Z,online,13,1
2015-03-24T16:56:29Z,market,38,1
2015-04-13T13:03:17Z,market,28,3
2015-01-02T15:48:12Z,online,78,1
2015-03-13T20:30:52Z,market,1,1
2015-07-06T05:10:36Z,market,11,3
2015-02-06T02:23:58Z,online,38,3
2015-06-04T00:46:00Z,online,11,3
2015-05-30T10:31:05Z,online,22,1
2015-10-20T00:17:17Z,market,76,1
2015-12-06T03:39:34Z,market,70,2
2015-04-16T00:28:24Z,market,100,1
2015-11-24T06:43:02Z,market,76,2
2015-09-28T05:26:38Z,market,69,3
2015-12-19T13:13:27Z,market,49,2
2015-10-30T02:22:22Z,market,91,1
2015-06-24T22:25:14Z,market,53,1
2015-10-27T23:00:41Z,online,7,1
2015-02-12T21:42:59Z,online,96,3
2015-03-20T01:24:39Z,online,10,3
2015-12-18T09:24:55Z,online,96,2
2015-04-21T12:40:51Z,online,51,3
2015-04-01T04:12:59Z,market,42,1
2015-07-13T20:28:32Z,online,50,2
2015-07-10T06:25:50Z,market,29,2
2015-05-03T03:12:52Z,online,93,3
2015-02-25T04:03:54Z,online,7,3
2015-03-08T05:57:51Z,market,6,3
2015-08-18T12:17:16Z,online,16,3
2015-08-13T02:31:15Z,market,17,2
2015-01-23T03:27:37Z,online,56,3
2015-07-12T13:10:29Z,online,24,2
2015-08-31T04:14:30Z,online,36,2
2015-04-29T11:54:24Z,market,70,1
2015-07-28T01:17:17Z,online,23,2
2015-11-09T04:16:41Z,market,93,3
2015-08-20T06:14:50Z,market,70,1
2015-04-09T08:50:22Z,market,19,2
2015-03-12T00:38:27Z,market,51,3
2015-05-20T12:54:51Z,online,88,1
2015-12-26T03:35:23Z,market,51,1
2015-10-30T19:33:22Z,online,44,2
2015-09-11T01:17:09Z,online,98,1
2015-09-11T03:32:21Z,market,46,1
2015-08-28T15:29:41Z,online,69,2
2015-07-24T06:04:54Z,market,11,3
2015-07-12T15:24:36Z,online,5,3
2015-08-06T20:54:02Z,market,7,3
2015-06-08T05:40:10Z,online,32,1
2015-06-04T19:50:38Z,online,99,1
2015-01-31T12:33:35Z,online,81,3
2015-11-14T04:22:09Z,online,33,3
2015-03-21T07:10:25Z,online,46,1
2015-03-02T06:30:56Z,online,25,1
2015-01-11T07:36:50Z,online,25,1
2015-03-28T23:21:14Z,market,59,2
2015-02-07T23:06:39Z,online,71,1
2015-06-05T07:01:16Z,market,16,1
2015-12-17T03:17:04Z,market,28,3
2015-04-15T13:22:40Z,market,15,1
2015-04-16T08:50:41Z,online,71,3
2015-04-05T09:40:34Z,online,95,2
2015-10-12T07:15:22Z,online,39,2
2015-12-23T11:07:22Z,market,42,3
2015-11-24T09:12:34Z,online,94,1
2015-11-17T13:13:41Z,market,54,2
2015-12-22T11:01:59Z,market,84,2
2015-09-10T15:15:46Z,online,78,3
2015-03-19T02:51:40Z,market,36,2
2015-02-19T22:58:04Z,online,46,1
2015-12-06T08:33:24Z,online,37,1
2015-03-12T15:10:35Z,online,38,3
2015-11-26T08:54:12Z,online,80,1
2015-04-20T15:37:55Z,online,15,2
2015-06-07T02:49:41Z,market,96,2
2015-12-19T11:55:12Z,market,65,2
2015-02-23T19:05:13Z,market,18,1
2015-10-25T17:38:46Z,market,68,2
2015-01-28T07:10:56Z,online,90,1
2015-07-07T13:26:09Z,online,73,2
2015-06-13T01:23:45Z,market,13,3
2015-02-23T21:06:01Z,online,99,3
2015-02-12T06:50:22Z,market,98,2
2015-06-09T04:38:05Z,market,84,3
2015-10-19T18:43:01Z,online,15,3
2015-10-21T07:48:37Z,online,4,3
2015-05-03T17:25:36Z,online,26,3
2015-05-22T18:39:37Z,online,50,3
2015-02-18T04:30:09Z,market,67,3
2015-02-14T04:21:56Z,online,46,3
2015-11-06T08:32:52Z,online,22,2
2015-05-28T22:23:06Z,market,49,2
2015-07-13T02:51:53Z,online,26,3
2015-08-21T18:22:34Z,online,97,2
2015-11-13T07:56:34Z,market,35,2
2015-11-08T21:46:42Z,online,72,1
2015-08-12T02:07:40Z,market,9,2
2015-08-31T10:07:24Z,online,73,3
2015-06-30T01:07:16Z,market,80,2
2015-01-13T07:42:44Z,market,53,1
2015-02-11T07:19:05Z,online,8,2
2015-07-08T19:00:04Z,market,85,3
2015-08-17T11:38:04Z,online,37,3
2015-06-16T01:07:14Z,market,87,2
2015-07-01T13:35:20Z,online,44,1
2015-01-13T11:15:53Z,market,76,3
2015-04-24T03:51:43Z,market,49,3
2015-09-21T08:10:38Z,online,95,1
2015-10-14T12:53:34Z,online,40,3
2015-06-22T03:32:31Z,online,60,2
2015-09-10T08:55:26Z,market,61,2
2015-05-14T17:15:52Z,online,30,3
2015-02-18T14:00:55Z,online,71,1
2015-08-01T16:34:18Z,market,30,2
2015-06-24T14:32:06Z,market,15,3
2015-07-02T01:53:53Z,online,17,3
2015-12-26T07:52:42Z,online,17,1
2015-11-26T07:05:12Z,online,1,3
2015-05-29T13:12:58Z,online,8,1
2015-03-14T23:45:43Z,market,77,2
2015-03-08T17:17:57Z,market,86,2
2015-06-01T04:22:34Z,online,19,2
2015-04-15T11:10:27Z,online,58,2
2015-01-27T19:10:37Z,market,94,2
2015-01-04T05:37:06Z,market,21,2
2015-09-12T17:18:17Z,market,8,1
2015-11-25T01:20:59Z,online,92,1
2015-04-17T17:18:01Z,market,24,2
2015-05-04T03:57:13Z,online,24,3
2015-12-28T19:02:49Z,market,53,2
2015-03-26T05:13:36Z,market,8,3
2015-12-13T00:20:48Z,online,92,2
2015-04-04T04:34:23Z,online,88,1
2015-01-23T05:35:43Z,market,30,2
2015-11-29T08:27:24Z,online,74,2
2015-02-28T15:33:49Z,market,5,2
2015-01-07T18:37:33Z,online,40,1
2015-01-11T03:59:00Z,market,66,1
2015-01-22T12:16:29Z,market,49,3
2015-09-09T12:14:49Z,market,42,2
2015-02-17T16:33:09Z,online,10,3
2015-06-23T15:11:21Z,online,83,2
2015-07-17T06:53:07Z,market,63,2
2015-07-16T01:18:06Z,market,33,1
2015-09-21T22:37:03Z,online,13,1
2015-06-27T04:03:24Z,online,1,3
2015-01-05T06:51:00Z,online,56,1
2015-08-30T14:28:51Z,market,11,2
2015-10-22T23:45:46Z,online,29,2
2015-03-11T16:48:01Z,online,93,2
2015-08-06T16:46:09Z,market,83,2
2015-05-18T19:51:56Z,online,33,2
2015-10-26T02:15:37Z,market,51,1
2015-08-19T01:40:39Z,online,48,2
2015-06-18T07:33:06Z,online,95,1
2015-05-26T14:38:01Z,online,79,1
2015-09-25T23:52:42Z,online,67,2
2015-01-30T09:47:10Z,market,37,3
2015-05-10T04:52:34Z,online,3,1
2015-07-15T07:46:30Z,online,22,2
2015-12-19T06:36:54Z,online,83,3
2015-11-12T23:49:12Z,online,47,2
2015-04-16T02:57:07Z,market,23,2
2015-10-03T10:05:41Z,online,98,3
2015-09-14T23:35:09Z,online,8,1
2015-02-18T14:15:07Z,market,77,3
2015-07-19T22:24:10Z,market,15,2
2015-09-26T13:11:51Z,online,45,3
2015-10-13T03:30:37Z,online,15,2
2015-05-27T14:05:59Z,online,76,1
2015-10-17T10:51:28Z,online,69,2
2015-10-17T16:46:41Z,market,32,1
2015-11-21T13:11:42Z,market,69,2
2015-09-04T11:51:25Z,online,32,2
2015-06-25T03:02:48Z,market,80,3
2015-09-07T19:09:13Z,online,91,2
2015-01-06T13:31:50Z,online,97,2
2015-12-02T04:24:32Z,market,8,2
2015-06-10T17:21:39Z,market,43,3
2015-07-18T15:36:26Z,market,42,3
2015-04-04T10:35:26Z,online,47,3
2015-07-13T20:39:58Z,online,44,3
2015-05-23T03:51:29Z,market,16,2
2015-02-17T14:24:13Z,online,12,2
2015-02-09T10:18:08Z,online,38,1
2015-03-04T10:55:22Z,online,48,2
2015-01-19T04:18:33Z,market,91,3
2015-06-15T00:19:30Z,market,67,3
2015-08-02T20:55:46Z,market,1,3
2015-06-18T10:19:06Z,online,90,2
2015-03-16T12:17:41Z,online,20,2
2015-09-07T23:22:54Z,market,99,3
2015-01-13T08:55:58Z,online,6,3
2015-07-30T14:16:20Z,online,49,1
2015-01-12T07:10:23Z,market,41,2
2015-03-22T00:47:27Z,online,62,2
2015-09-02T21:06:25Z,online,67,2
2015-03-11T19:49:27Z,online,18,2
2015-05-22T17:40:39Z,market,4,1
2015-06-14T15:08:53Z,online,91,2
2015-03-17T01:29:02Z,online,8,3
2015-10-15T19:24:51Z,market,42,1
2015-03-25T15:23:09Z,online,100,2
2015-09-26T16:28:05Z,market,57,3
2015-12-19T21:54:35Z,online,2,3
2015-03-22T23:23:41Z,market,100,3
2015-06-21T23:01:17Z,market,47,1
2015-10-18T10:37:18Z,online,27,2
2015-07-28T22:47:03Z,market,3,2
2015-11-27T11:59:10Z,market,65,3
2015-12-19T16:00:41Z,market,18,1
2015-11-23T23:56:26Z,online,34,3
2015-04-03T01:23:59Z,market,44,3
2015-04-25T14:26:56Z,online,28,3
2015-07-03T11:39:29Z,market,65,2
2015-09-16T21:45:46Z,market,30,1
2015-09-03T06:13:58Z,online,30,2
2015-04-14T06:14:57Z,online,93,3
2015-05-20T03:28:14Z,market,68,2
2015-05-15T12:55:18Z,online,33,3
2015-04-20T19:14:20Z,online,78,3
2015-03-30T06:35:31Z,market,12,2
2015-04-27T06:46:31Z,market,6,1
2015-04-15T08:24:56Z,market,3,1
2015-07-21T20:59:33Z,market,66,3
2015-05-16T18:55:18Z,market,12,1
2015-09-07T23:06:01Z,market,96,1
2015-04-06T12:01:47Z,market,23,2
2015-08-16T18:07:31Z,market,39,2
2015-02-05T06:08:45Z,market,67,1
2015-09-29T15:59:43Z,online,26,2
2015-02-09T22:37:33Z,market,93,3
2015-11-23T18:47:09Z,market,93,2
2015-05-31T09:47:14Z,online,89,1
2015-07-25T02:01:57Z,online,71,3
2015-07-15T20:32:52Z,market,52,2
2015-03-27T15:57:21Z,market,37,1
2015-09-28T22:23:41Z,online,59,3
2015-07-01T15:04:11Z,online,59,1
2015-06-25T08:00:25Z,online,64,2
2015-09-23T07:38:54Z,market,10,1
2015-09-07T07:02:59Z,market,48,2
2015-11-27T14:36:09Z,online,10,3
2015-07-10T06:39:26Z,market,36,1
2015-10-10T18:46:49Z,online,82,1
2015-07-24T03:07:56Z,online,6,3
2015-02-12T00:14:22Z,online,83,3
2015-10-12T06:18:10Z,market,4,1
2015-06-11T20:19:46Z,online,6,3
2015-12-30T12:55:59Z,market,99,1
2015-03-18T19:32:27Z,online,14,3
2015-02-20T20:57:11Z,market,41,3
2015-05-06T01:16:26Z,online,51,3
2015-05-28T10:51:26Z,online,67,1
2015-08-12T04:06:15Z,market,20,3
2015-02-16T22:39:31Z,online,68,3
2015-04-27T03:48:40Z,market,16,1
2015-07-20T14:24:07Z,online,4,3
2015-06-15T08:11:33Z,market,2,2
2015-09-23T05:43:18Z,market,53,2
2015-05-23T15:39:17Z,online,45,1
2015-01-29T14:53:18Z,online,74,2
2015-05-24T06:14:21Z,online,38,2
2015-01-24T00:46:13Z,market,83,3
2015-08-16T04:51:49Z,market,7,1
2015-10-09T09:18:08Z,market,45,2
2015-06-21T09:17:55Z,online,37,3
2015-04-15T20:59:05Z,online,67,2
2015-02-27T17:54:05Z,market,39,3
2015-11-17T04:04:30Z,market,24,1
2015-09-17T08:17:34Z,market,11,1
2015-12-01T17:33:31Z,market,71,3
2015-12-05T23:36:47Z,online,98,3
2015-10-28T00:13:46Z,online,21,1
2015-09-01T08:24:47Z,online,89,3
2015-06-09T08:46:12Z,online,41,3
2015-07-03T16:39:22Z,online,96,2
2015-11-02T09:05:56Z,market,8,2
2015-02-14T11:56:24Z,market,67,2
2015-03-05T21:45:22Z,online,30,2
2015-05-02T10:01:10Z,market,37,3
2015-05-16T18:41:22Z,market,20,3
2015-01-04T23:31:11Z,market,24,3
2015-12-29T19:39:34Z,market,2,2
2015-09-16T23:02:19Z,online,11,2
2015-05-18T09:20:44Z,online,44,2
2015-02-11T05:26:06Z,market,11,1
2015-08-05T17:20:55Z,online,28,2
2015-06-05T16:12:05Z,market,27,2
2015-01-07T23:52:58Z,online,76,1
2015-03-09T18:44:20Z,market,16,1
2015-10-13T06:05:44Z,market,53,3
2015-07-13T09:22:35Z,online,94,3
2015-04-25T23:36:01Z,market,41,3
2015-08-18T17:02:04Z,market,94,2
2015-08-10T04:12:41Z,online,33,3
2015-11-06T13:12:38Z,market,13,1
2015-06-14T21:27:18Z,market,21,2
2015-06-17T12:17:23Z,online,52,3
2015-02-24T05:41:37Z,market,7,2
2015-07-25T08:17:47Z,market,41,1
2015-10-26T10:53:18Z,online,63,2
2015-11-16T03:55:02Z,online,61,2
2015-08-10T02:28:52Z,market,31,2
2015-03-07T00:44:10Z,online,99,2
2015-12-18T15:56:53Z,online,74,1
2015-02-23T07:57:35Z,market,94,2
2015-10-16T01:49:44Z,online,66,1
2015-04-06T17:34:24Z,market,10,1
2015-12-20T23:59:40Z,online,25,3
2015-03-28T03:43:44Z,online,32,2
2015-11-27T12:42:28Z,online,51,3
2015-12-29T14:07:38Z,online,65,2
2015-04-30T07:43:01Z,online,72,2
2015-11-24T16:17:58Z,online,82,3
2015-09-30T16:12:39Z,online,74,3
2015-08-28T19:25:46Z,market,12,1
2015-11-20T20:26:00Z,market,2,2
2015-06-20T08:22:21Z,online,9,3
2015-11-26T08:45:11Z,online,37,2
2015-04-04T23:02:46Z,market,97,3
2015-06-14T17:59:43Z,market,67,2
2015-10-11T18:47:45Z,market,19,3
2015-05-11T20:33:35Z,market,64,1
2015-09-24T19:01:09Z,market,15,3
2015-09-11T00:09:29Z,market,64,2
2015-06-08T12:52:52Z,market,65,2
2015-11-09T17:27:08Z,market,69,3
2015-06-03T07:26:51Z,online,81,2
2015-08-10T11:56:56Z,online,24,2
2015-12-02T20:50:33Z,online,4,3
2015-04-19T02:15:10Z,online,19,3
2015-06-28T23:29:18Z,market,83,3
2015-05-20T01:04:34Z,market,38,1
2015-03-29T22:27:08Z,market,91,1
2015-11-13T14:56:10Z,online,77,3
2015-09-20T14:06:21Z,market,59,2
2015-06-16T22:24:44Z,market,25,1
2015-05-27T00:18:27Z,market,3,2
2015-04-01T01:18:05Z,online,1,2
2015-01-27T07:39:55Z,market,46,3
2015-01-10T05:00:46Z,market,5,2
2015-01-07T23:33:24Z,online,78,2
2015-05-12T19:45:17Z,online,76,1
2015-03-04T07:44:57Z,online,90,1
2015-03-23T03:00:09Z,online,93,1
2015-06-19T03:43:05Z,market,62,2
2015-07-04T15:57:23Z,market,36,2
2015-03-22T11:37:56Z,market,84,3
2015-01-19T19:49:06Z,market,53,1
2015-09-29T03:36:07Z,online,52,2
2015-07-06T17:45:34Z,market,40,1
2015-11-20T18:31:13Z,online,82,2
2015-04-23T08:40:40Z,online,76,3
2015-06-14T17:34:49Z,online,39,2
2015-10-12T13:57:40Z,online,31,2
2015-11-05T15:18:34Z,online,9,1
2015-02-11T10:12:05Z,online,8,3
2015-05-03T16:47:20Z,market,50,3
2015-10-13T09:14:59Z,market,90,1
2015-07-15T05:22:56Z,online,64,1
2015-07-11T22:46:31Z,market,70,1
2015-03-25T16:35:18Z,online,32,1
2015-08-05T02:29:46Z,market,49,3
2015-12-21T07:20:48Z,online,55,1
2015-08-13T23:12:36Z,online,35,2
2015-03-21T04:07:35Z,online,96,3
2015-07-05T18:37:09Z,online,41,3
2015-01-02T08:08:21Z,online,32,2
2015-12-17T17:56:33Z,online,87,2
2015-08-15T22:32:12Z,market,62,1
2015-12-08T20:51:13Z,online,42,3
2015-11-12T00:20:43Z,online,41,1
2015-01-05T15:48:04Z,online,16,3
2015-12-22T06:45:47Z,market,84,2
2015-12-22T23:46:44Z,online,50,1
2015-10-24T00:21:29Z,online,95,1
2015-07-24T22:28:53Z,market,63,3
2015-10-06T17:03:57Z,online,30,2
2015-01-23T16:42:22Z,online,49,1
2015-07-30T13:12:40Z,market,43,2
2015-11-17T03:02:22Z,online,5,2
2015-08-21T05:07:09Z,market,72,2
2015-10-02T19:58:57Z,market,25,3
2015-09-02T01:53:42Z,online,7,3
2015-12-18T07:31:03Z,market,96,1
2015-06-25T10:26:37Z,market,50,2
2015-06-18T08:39:26Z,market,7,3
2015-03-25T03:50:09Z,online,6,2
2015-06-11T09:34:05Z,market,63,2
2015-08-09T23:00:08Z,online,40,2
2015-03-24T13:35:18Z,market,27,2
2015-08-22T04:13:32Z,online,95,2
2015-09-14T11:48:39Z,online,53,3
2015-09-02T21:48:45Z,online,64,1
2015-06-04T14:23:32Z,online,21,1
2015-04-09T18:44:24Z,market,90,2
2015-01-05T19:09:18Z,online,10,2
2015-05-24T13:39:16Z,online,27,1
2015-04-10T14:50:46Z,market,14,1
2015-07-02T12:43:48Z,online,65,3
2015-08-07T04:40:24Z,online,43,2
2015-02-24T00:10:40Z,market,50,3
2015-02-25T10:13:42Z,online,86,3
2015-07-18T23:27:51Z,online,13,1
2015-09-09T00:45:30Z,online,16,1
2015-05-02T23:51:14Z,online,36,1
2015-01-03T14:28:56Z,online,86,2
2015-04-17T07:15:24Z,market,73,1
2015-12-02T13:50:32Z,online,30,2
2015-03-08T13:37:53Z,market,58,3
2015-08-01T06:10:04Z,market,40,3
2015-02-24T14:40:38Z,online,3,2
2015-10-21T19:38:45Z,online,85,2
2015-08-01T17:43:49Z,market,84,2
2015-10-21T00:10:50Z,online,7,1
2015-12-21T12:40:45Z,online,95,1
2015-08-10T06:34:10Z,online,15,1
2015-06-07T18:15:23Z,market,43,1
2015-08-18T14:10:19Z,online,60,2
2015-08-29T14:35:56Z,online,94,1
2015-11-24T17:44:29Z,online,74,2
2015-03-02T15:29:23Z,market,34,2
2015-08-26T07:33:57Z,market,58,1
2015-03-03T01:57:55Z,online,48,3
2015-01-06T11:43:48Z,online,15,3
2015-04-18T12:27:50Z,online,54,2
2015-10-10T04:42:02Z,market,33,3
2015-02-13T17:47:00Z,market,53,2
2015-03-21T00:59:59Z,online,69,3
2015-10-26T16:18:41Z,online,4,3
2015-02-06T08:24:14Z,online,31,1
2015-01-25T07:52:03Z,market,12,3
2015-04-22T17:21:49Z,market,63,2
2015-01-05T23:22:13Z,online,28,2
2015-08-29T18:12:14Z,market,48,1
2015-10-03T09:46:18Z,market,33,2
2015-04-09T23:53:43Z,online,63,2
2015-03-07T09:43:15Z,online,73,2
2015-08-08T14:53:48Z,online,74,2
2015-01-23T17:38:35Z,online,62,3
2015-01-25T18:37:21Z,market,8,3
2015-09-28T19:58:08Z,market,39,1
2015-06-13T02:03:50Z,online,41,3
2015-02-20T17:37:48Z,market,39,2
2015-09-09T02:31:26Z,market,64,2
2015-09-30T04:01:37Z,market,44,1
2015-11-23T01:18:45Z,online,52,1
2015-05-20T16:30:35Z,online,89,3
2015-06-19T11:57:51Z,online,10,1
2015-07-16T23:19:25Z,market,5,1
2015-11-03T20:36:55Z,online,66,1
2015-02-11T11:14:15Z,online,63,3
2015-01-17T00:02:42Z,online,84,1
2015-07-04T21:10:00Z,online,11,2
2015-11-26T23:26:49Z,market,36,3
2015-04-24T14:27:06Z,online,63,1
2015-02-02T20:19:46Z,online,92,2
2015-09-06T02:55:06Z,market,37,3
2015-12-15T04:12:12Z,market,85,3
2015-11-29T14:31:27Z,market,63,2
2015-08-01T20:08:03Z,market,2,2
2015-06-20T00:47:09Z,market,8,3
2015-05-02T00:58:12Z,market,73,1
2015-06-24T07:49:54Z,market,55,1
2015-03-21T16:56:04Z,market,30,2
2015-09-25T22:42:43Z,market,58,3
2015-01-10T17:57:22Z,online,83,1
2015-01-25T02:52:06Z,online,49,1
2015-10-26T11:37:55Z,online,28,2
2015-12-10T14:53:32Z,online,47,1
2015-11-17T16:59:40Z,online,28,2
2015-09-29T10:27:49Z,market,82,1
2015-02-25T17:48:10Z,online,92,1
2015-02-05T09:22:06Z,market,9,3
2015-02-12T18:04:14Z,online,72,1
2015-08-31T07:38:56Z,online,88,2
2015-03-21T13:59:53Z,online,89,2
2015-02-10T14:46:53Z,online,41,2
2015-06-10T01:10:21Z,online,54,1
2015-10-10T14:14:26Z,online,31,2
2015-11-16T00:49:59Z,online,46,2
2015-07-23T01:02:54Z,online,63,1
2015-09-24T12:26:38Z,market,85,3
2015-02-09T04:41:25Z,online,77,1
2015-01-04T07:03:19Z,online,31,1
2015-12-25T03:44:42Z,market,35,2
2015-09-26T11:22:30Z,online,11,2
2015-01-25T11:03:57Z,market,1,3
2015-01-15T17:31:58Z,online,97,1
2015-05-18T19:48:34Z,market,71,1
2015-07-03T00:31:31Z,online,90,1
2015-07-21T10:30:57Z,online,18,1
2015-10-29T14:26:04Z,online,12,2
2015-11-15T11:04:21Z,market,74,3
2015-06-27T10:33:27Z,online,12,3
2015-10-19T16:44:09Z,market,23,3
2015-02-27T14:21:51Z,market,30,2
2015-01-26T05:15:44Z,market,26,3
2015-08-07T13:27:17Z,market,47,2
2015-04-16T06:26:03Z,market,99,2
2015-01-05T10:06:24Z,online,10,2
2015-12-24T11:02:04Z,online,48,1
2015-11-09T23:16:18Z,market,76,3
2015-09-07T11:00:31Z,market,87,2
2015-08-05T03:45:01Z,online,78,3
2015-05-10T05:02:21Z,market,42,3
2015-01-07T11:11:59Z,online,13,2
2015-06-04T10:10:07Z,online,80,1
2015-01-27T19:50:06Z,online,22,1
2015-05-11T00:26:04Z,online,63,1
2015-08-10T16:00:41Z,market,27,3
2015-01-02T11:25:30Z,market,28,3
2015-11-09T02:52:30Z,online,26,3
2015-05-09T17:39:29Z,online,38,2
2015-11-30T09:45:02Z,online,25,2
2015-03-29T22:56:35Z,online,13,1
2015-01-28T11:22:31Z,online,93,1
2015-03-18T23:10:15Z,market,67,3
2015-08-02T16:51:49Z,online,47,1
2015-11-05T15:37:06Z,market,54,3
2015-01-29T22:02:19Z,market,21,2
2015-04-24T02:28:06Z,market,85,3
2015-03-20T18:47:43Z,online,38,1
2015-03-08T01:23:23Z,online,66,3
2015-09-12T02:06:22Z,market,26,1
2015-01-27T10:22:38Z,market,10,1
2015-02-15T21:37:37Z,online,19,3
2015-07-10T15:35:14Z,market,20,2
2015-12-08T02:10:27Z,market,50,2
2015-11-03T08:15:54Z,online,64,2
2015-06-10T03:55:58Z,online,68,3
2015-12-03T12:48:42Z,online,48,3
2015-05-17T06:00:58Z,online,88,3
2015-03-20T03:12:38Z,online,31,1
2015-08-25T16:25:55Z,online,16,2
2015-06-18T04:54:35Z,market,52,3
2015-01-26T18:41:49Z,online,23,2
2015-10-21T07:36:29Z,online,97,2
2015-06-10T05:23:30Z,online,12,3
2015-02-20T11:14:31Z,market,56,1
2015-12-24T16:18:41Z,market,75,2
2015-04-29T21:04:10Z,online,91,3
2015-08-22T19:03:55Z,market,80,2
2015-10-16T01:14:20Z,market,99,3
2015-02-22T21:38:03Z,online,52,3
2015-05-15T11:36:40Z,online,91,3
2015-04-01T02:56:18Z,market,49,2
2015-05-29T01:58:41Z,market,29,1
2015-06-29T00:39:23Z,online,46,2
2015-08-20T08:26:07Z,online,49,2
2015-05-27T19:41:30Z,market,45,2
2015-04-09T01:31:04Z,online,6,2
2015-09-26T18:42:28Z,online,32,3
2015-09-05T18:16:42Z,market,10,2
2015-06-01T19:16:12Z,online,32,2
2015-01-03T12:25:35Z,online,91,1
2015-01-10T13:13:02Z,market,21,2
2015-01-24T08:11:54Z,market,4,1
2015-10-18T17:27:39Z,market,23,3
2015-04-07T14:34:22Z,market,39,1
2015-04-15T18:45:02Z,market,63,3
2015-03-26T18:48:29Z,market,8,1
2015-11-12T14:04:12Z,market,9,3
2015-04-26T20:08:15Z,market,66,3
2015-02-11T07:43:20Z,market,84,1
2015-10-18T17:22:34Z,online,83,2
2015-06-03T19:08:36Z,market,21,1
2015-03-04T08:46:11Z,online,48,2
2015-12-31T10:32:31Z,online,43,1
2015-09-15T15:47:06Z,online,14,2
2015-07-01T01:16:03Z,market,54,2
2015-08-05T16:15:23Z,market,99,2
2015-05-30T13:55:26Z,online,78,1
2015-12-02T20:08:27Z,online,38,2
2015-01-18T00:25:32Z,online,97,1
2015-04-29T17:23:04Z,online,3,2
2015-02-22T05:51:04Z,market,22,1
2015-01-24T22:22:36Z,market,91,3
2015-12-03T15:17:51Z,online,91,3
2015-05-08T10:23:02Z,market,35,2
2015-08-10T18:25:18Z,market,59,3
2015-01-06T15:21:09Z,online,21,2
2015-10-05T04:25:04Z,market,19,3
2015-09-16T01:41:06Z,online,94,1
2015-11-09T19:26:20Z,market,33,3
2015-01-20T16:47:02Z,online,67,3
2015-10-03T12:21:28Z,market,16,3
2015-08-21T04:54:53Z,market,6,3
2015-08-03T21:21:58Z,market,32,1
2015-09-27T18:47:38Z,market,79,2
2015-11-07T20:19:26Z,market,50,2
2015-01-26T19:56:46Z,online,54,2
2015-07-13T21:49:14Z,online,8,1
2015-05-22T22:56:20Z,market,23,2
2015-06-15T22:01:20Z,market,53,2
2015-06-25T00:39:11Z,online,80,1
2015-03-15T16:25:06Z,market,74,1
2015-09-23T15:10:29Z,online,67,1
2015-06-10T19:08:41Z,online,8,3
2015-04-16T14:04:32Z,online,34,3
2015-01-26T01:01:20Z,market,92,1
2015-09-07T05:38:33Z,market,10,1
2015-09-20T08:45:20Z,online,2,3
2015-05-12T19:01:13Z,market,25,2
2015-10-10T03:14:14Z,market,19,3
2015-09-20T10:27:01Z,market,54,2
2015-05-31T15:22:20Z,market,9,2
2015-03-27T02:27:07Z,market,90,3
2015-10-20T23:09:12Z,market,64,2
2015-08-22T09:36:04Z,online,59,2
2015-01-14T12:32:35Z,market,78,3
2015-12-17T04:06:57Z,online,26,3
2015-10-25T04:04:32Z,market,7,3
2015-06-05T18:25:45Z,market,100,2
2015-03-25T08:52:32Z,online,50,3
2015-03-05T06:23:36Z,market,99,2
2015-08-17T02:56:14Z,online,27,3
2015-10-13T00:33:30Z,online,50,2
2015-07-05T10:53:34Z,online,76,2
2015-06-27T14:10:30Z,online,11,2
2015-02-18T14:43:48Z,market,56,1
2015-11-26T02:20:25Z,market,51,1
2015-02-21T23:32:45Z,market,47,3
2015-11-15T23:03:35Z,market,3,2
2015-06-19T23:23:51Z,online,63,1
2015-10-09T12:02:41Z,market,16,3
2015-05-25T04:27:19Z,online,50,2
2015-11-14T04:52:37Z,market,42,2
2015-11-10T22:19:57Z,online,80,2
2015-09-01T09:10:53Z,market,61,3
2015-07-22T04:35:57Z,online,50,2
2015-06-30T16:15:38Z,online,22,2
2015-12-05T14:50:54Z,market,74,3
2015-12-26T00:33:54Z,market,23,3
2015-08-05T18:16:03Z,online,76,2
2015-08-16T16:23:02Z,online,2,2
2015-07-12T05:10:08Z,market,25,3
2015-01-12T03:37:51Z,online,45,2
2015-03-07T15:08:17Z,market,78,2
2015-03-27T09:56:52Z,market,55,1
2015-05-17T06:30:10Z,market,85,1
2015-09-13T03:32:02Z,online,7,2
2015-06-15T07:10:30Z,online,79,3
2015-06-24T03:18:33Z,online,62,1
2015-03-10T10:11:55Z,online,66,2
2015-06-09T07:06:03Z,online,13,3
2015-09-02T11:04:10Z,market,32,1
2015-11-26T19:27:08Z,market,79,3
2015-10-11T17:38:58Z,market,72,1
2015-11-07T17:58:49Z,market,78,3
2015-06-29T04:34:00Z,market,6,3
2015-09-16T07:01:11Z,market,71,3
2015-09-21T18:28:47Z,online,79,3
2015-05-01T23:04:12Z,market,41,1
2015-12-14T17:24:44Z,online,17,3
2015-10-29T05:17:00Z,online,34,3
2015-07-06T00:15:37Z,online,81,1
2015-12-16T00:06:38Z,online,9,2
2015-09-14T09:30:22Z,market,71,2
2015-07-11T14:53:17Z,online,13,2
2015-11-11T04:07:09Z,online,95,3
2015-10-28T18:04:00Z,online,37,1
2015-08-10T15:49:57Z,market,98,1
2015-03-16T02:40:06Z,market,57,1
2015-03-09T10:35:30Z,market,46,3
2015-11-03T14:09:39Z,market,8,2
2015-01-07T02:02:29Z,market,40,1
2015-05-29T19:05:41Z,market,37,3
2015-10-03T17:50:54Z,market,77,3
2015-03-09T10:26:23Z,online,80,3
2015-10-01T00:18:03Z,online,69,2
2015-04-06T02:12:35Z,online,100,3
2015-02-12T05:44:27Z,market,31,3
2015-07-05T18:45:43Z,market,82,3
2015-04-21T14:12:07Z,market,72,2
2015-07-13T00:51:00Z,market,66,1
2015-12-08T16:34:21Z,market,18,2
2015-08-26T09:14:09Z,market,93,3
2015-08-08T08:30:41Z,market,33,3
2015-05-09T11:20:44Z,market,14,3
2015-09-02T15:10:29Z,market,94,3
2015-11-15T02:20:22Z,market,60,3
2015-08-28T17:27:38Z,online,86,3
2015-07-01T11:51:25Z,market,60,2
2015-02-23T00:10:26Z,market,7,2
2015-03-08T11:10:29Z,online,71,2
2015-07-02T20:41:50Z,market,45,3
2015-11-16T01:07:20Z,online,29,1
2015-02-08T23:34:26Z,online,45,3
2015-09-04T02:29:08Z,market,21,1
2015-12-04T20:05:21Z,market,5,2
2015-03-10T20:44:16Z,online,67,3
2015-12-26T21:26:58Z,market,12,3
2015-03-10T09:33:40Z,online,100,1
2015-02-21T07:11:16Z,market,20,2
2015-05-17T04:59:03Z,online,22,1
2015-03-14T11:38:24Z,online,40,1
2015-05-30T23:44:38Z,market,63,2
2015-05-26T18:48:34Z,online,56,1
2015-08-04T18:31:17Z,online,62,1
2015-10-24T00:03:07Z,market,44,1
2015-07-02T10:46:35Z,market,40,2
2015-12-27T12:33:27Z,online,24,1
2015-07-01T06:34:44Z,online,86,2
2015-06-18T10:35:46Z,market,34,1
2015-09-28T23:31:30Z,online,28,1
2015-04-16T06:24:06Z,online,25,1
2015-10-17T07:34:24Z,market,72,1
2015-02-08T02:46:55Z,online,19,1
2015-09-16T22:19:49Z,online,2,2
2015-04-21T12:41:21Z,market,39,3
2015-04-09T05:35:24Z,online,3,1
2015-06-05T15:45:04Z,market,59,2
2015-03-10T02:54:32Z,online,74,3
2015-01-24T21:04:33Z,online,60,1
2015-09-02T15:36:25Z,online,53,1
2015-09-11T11:02:57Z,market,36,2
2015-05-18T08:25:19Z,market,52,3
2015-02-02T20:35:51Z,market,92,2
2015-04-28T16:38:54Z,market,37,2
2015-07-01T22:01:10Z,online,97,3
2015-07-26T09:06:20Z,market,38,1
2015-01-10T15:06:41Z,online,66,1
2015-03-20T00:46:12Z,market,21,1
2015-10-09T06:28:37Z,market,1,2
2015-03-20T06:57:25Z,market,66,2
2015-08-10T02:30:57Z,market,88,1
2015-07-14T15:44:09Z,market,100,2
2015-05-15T10:15:45Z,market,72,1
2015-04-22T11:11:07Z,market,25,1
2015-04-26T23:30:13Z,online,43,3
2015-07-27T20:22:19Z,online,56,2
2015-12-20T08:43:34Z,online,64,1
2015-06-08T06:10:22Z,market,44,2
2015-01-24T16:48:42Z,market,13,3
2015-08-14T20:51:48Z,market,34,1
2015-03-13T16:13:20Z,market,2,1
2015-02-06T00:29:26Z,market,4,3
2015-02-04T12:15:11Z,market,11,1
2015-07-03T04:36:46Z,market,28,2
2015-07-01T12:54:23Z,market,49,3
2015-04-04T13:20:18Z,online,46,3
2015-09-25T14:47:36Z,online,37,3
2015-03-16T01:09:09Z,market,57,3
2015-05-10T07:34:30Z,market,44,2
2015-11-08T20:58:11Z,market,21,3
2015-03-17T17:02:52Z,online,86,2
2015-02-20T11:37:04Z,market,75,2
2015-08-09T06:42:08Z,market,2,3
2015-05-30T23:32:58Z,online,82,2
2015-05-27T14:49:21Z,online,50,1
2015-02-15T08:49:16Z,market,63,1
2015-01-16T10:34:36Z,market,86,1
2015-10-09T09:05:45Z,market,30,3
2015-04-07T11:59:00Z,market,2,2
2015-07-13T21:35:10Z,market,99,1
2015-01-13T23:59:19Z,online,4,2
2015-01-29T10:06:49Z,market,9,1
2015-05-27T07:46:36Z,online,64,1
2015-05-22T17:27:15Z,online,81,1
2015-05-25T08:37:49Z,market,64,2
2015-03-11T01:44:19Z,online,33,2
2015-05-20T02:34:29Z,market,40,3
2015-07-14T05:51:01Z,market,25,1
2015-08-31T05:15:46Z,online,15,1
2015-11-06T21:19:05Z,online,53,2
2015-02-10T14:08:39Z,online,98,3
2015-05-04T11:11:10Z,market,70,3
2015-07-29T05:56:45Z,market,42,3
2015-10-04T19:51:51Z,market,4,1
2015-08-11T20:27:54Z,market,73,3
2015-10-03T12:14:37Z,market,82,1
2015-01-11T10:37:01Z,market,8,1
2015-05-06T09:38:57Z,online,53,3
2015-02-09T22:59:42Z,online,13,2
2015-05-25T09:50:49Z,market,39,2
2015-11-24T00:42:45Z,online,44,3
2015-12-30T14:14:38Z,market,4,1
2015-06-26T17:04:14Z,market,65,2
2015-07-14T12:34:44Z,market,79,3
2015-04-19T19:32:59Z,market,8,3
2015-01-26T16:26:27Z,online,44,2
2015-01-04T17:51:36Z,online,87,2
2015-09-03T14:13:44Z,online,1,1
2015-10-29T23:29:49Z,online,52,3
2015-10-26T21:41:09Z,market,49,3
2015-04-28T20:36:59Z,market,67,3
2015-07-10T23:02:14Z,market,27,1
2015-04-08T01:11:41Z,online,29,1
2015-08-21T15:15:23Z,market,29,2
2015-01-22T09:27:23Z,online,45,3
2015-09-22T04:18:30Z,market,6,2
2015-10-28T21:03:30Z,online,100,3
2015-07-02T12:16:55Z,market,11,1
2015-04-21T03:57:12Z,market,37,3
2015-07-30T22:35:41Z,online,18,2
2015-03-03T14:42:57Z,market,32,2
2015-06-13T07:40:39Z,market,5,1
2015-08-31T13:31:46Z,market,16,2
2015-05-31T19:23:44Z,market,63,3
2015-11-16T00:20:10Z,online,64,2
2015-06-26T12:00:26Z,market,95,1
2015-05-22T04:56:29Z,online,67,1
2015-10-06T09:21:06Z,market,23,1
2015-03-07T21:20:07Z,market,80,1
2015-03-01T10:29:48Z,market,67,2
2015-03-04T01:49:47Z,online,59,3
2015-09-19T03:36:03Z,online,41,1
2015-09-13T06:32:13Z,market,28,3
2015-01-25T11:03:47Z,online,4,3
2015-02-22T10:26:05Z,market,92,3
2015-11-12T12:21:52Z,market,53,3
2015-10-19T03:58:43Z,online,56,1
2015-07-22T03:53:52Z,market,48,2
2015-05-21T14:48:02Z,online,34,3
2015-01-21T05:28:49Z,online,98,2
2015-11-14T14:51:02Z,online,42,2
2015-07-01T23:53:23Z,market,50,1
2015-01-10T07:22:31Z,online,70,2
2015-10-26T06:07:17Z,online,56,1
2015-01-15T23:20:40Z,market,57,2
2015-11-19T03:32:49Z,online,1,3
2015-04-03T05:38:02Z,market,87,2
2015-06-20T23:56:17Z,online,96,3
2015-05-11T09:35:28Z,online,52,3
2015-03-27T00:27:04Z,market,28,1
2015-06-13T20:46:01Z,online,12,2
2015-08-02T13:18:36Z,market,6,3
2015-12-11T12:39:56Z,online,25,2
2015-02-06T23:26:15Z,market,96,3
2015-12-12T16:50:26Z,market,76,1
2015-02-23T20:08:27Z,online,75,3
2015-08-08T11:33:44Z,online,55,2
2015-07-14T04:25:34Z,market,38,2
2015-04-11T15:00:49Z,market,8,1
2015-03-31T01:01:32Z,online,94,2
2015-11-20T22:28:02Z,online,99,1
2015-04-10T00:34:59Z,market,52,2
2015-05-07T18:18:33Z,market,62,1
2015-05-12T07:43:57Z,online,56,1
2015-02-26T07:40:17Z,market,89,1
2015-11-17T13:23:26Z,online,34,1
2015-06-12T09:38:57Z,market,65,3
2015-03-14T08:53:39Z,market,28,2
2015-05-16T12:00:11Z,market,13,2
2015-12-30T01:23:21Z,market,98,2
2015-03-18T03:01:57Z,market,3,1
2015-03-27T09:26:08Z,online,44,3
2015-12-21T01:51:15Z,online,51,3
2015-11-27T17:24:19Z,market,77,3
2015-12-11T02:09:43Z,market,75,1
2015-05-14T01:07:56Z,online,97,2
2015-12-09T00:39:34Z,market,76,3
2015-05-12T07:38:03Z,market,36,1
2015-01-04T05:24:04Z,online,20,2
2015-04-14T02:44:18Z,online,95,1
2015-07-30T17:06:47Z,market,80,1
2015-12-17T16:43:44Z,market,96,2
2015-10-12T08:29:17Z,market,66,3
2015-06-17T00:35:09Z,market,60,2
2015-04-11T22:02:08Z,market,27,1
2015-10-25T04:02:45Z,market,21,3
2015-11-24T20:55:19Z,market,34,1
2015-09-22T15:22:56Z,market,54,1
2015-05-16T06:50:54Z,online,39,1
2015-01-19T23:44:24Z,online,89,1
2015-09-24T04:57:52Z,market,66,1
2015-03-24T11:06:31Z,online,77,3
2015-05-26T09:07:54Z,online,32,2
2015-04-16T18:26:27Z,market,16,1
2015-01-17T12:06:27Z,market,8,1
2015-08-27T06:13:24Z,online,40,3
2015-10-25T12:48:02Z,online,60,1
2015-09-08T06:34:17Z,online,80,2
2015-09-24T22:34:48Z,online,12,3
2015-11-10T10:36:15Z,online,99,1
2015-07-17T01:15:58Z,online,5,1
2015-01-06T21:11:21Z,market,46,3
2015-04-17T15:18:02Z,online,4,2
2015-10-17T04:10:35Z,online,92,2
2015-07-03T23:01:40Z,market,81,1
2015-09-02T13:11:56Z,market,48,1
2015-11-03T05:45:46Z,market,91,3
2015-07-06T10:51:51Z,market,13,1
2015-05-16T07:28:53Z,online,12,2
2015-07-06T16:07:32Z,online,38,3
2015-03-11T14:59:12Z,online,64,1
2015-02-24T06:37:05Z,online,65,3
2015-12-23T02:29:32Z,online,16,2
2015-09-11T15:29:49Z,market,50,3
2015-05-08T06:04:51Z,online,4,3
2015-08-29T10:56:51Z,market,67,3
2015-12-29T22:42:54Z,online,97,1
2015-09-28T21:33:37Z,market,85,3
2015-06-25T05:04:33Z,online,46,2
2015-07-12T00:58:47Z,online,63,2
2015-03-22T21:09:16Z,market,94,2
2015-12-08T20:35:18Z,online,59,2
2015-03-31T14:12:36Z,market,46,3
2015-02-02T01:17:34Z,market,89,3
2015-04-14T15:43:48Z,market,89,3
2015-09-17T18:19:07Z,market,82,3
2015-07-14T00:02:27Z,online,45,2
2015-09-11T14:45:30Z,market,90,1
2015-04-06T14:18:46Z,online,26,2
2015-12-02T10:09:14Z,online,90,2
2015-11-04T06:21:02Z,market,93,2
2015-01-22T07:31:59Z,market,31,1
2015-04-16T22:44:23Z,market,43,1
2015-07-03T06:29:49Z,market,44,3
2015-09-06T15:24:41Z,market,58,1
2015-07-26T11:27:12Z,online,5,3
2015-04-11T01:45:07Z,market,29,3
2015-09-05T16:09:34Z,online,42,2
2015-12-15T17:44:22Z,online,37,2
2015-12-18T10:36:41Z,market,30,1
2015-07-22T09:29:09Z,online,83,2
2015-03-01T11:55:15Z,online,15,1
2015-08-07T14:03:13Z,market,87,2
2015-01-11T06:22:27Z,market,42,1
2015-01-04T16:45:25Z,online,32,3
2015-02-14T02:28:04Z,online,53,3
2015-01-27T19:04:53Z,market,10,3
2015-03-26T03:11:32Z,online,15,2
2015-01-10T20:46:41Z,online,69,1
2015-02-28T23:23:30Z,market,24,1
2015-04-15T12:56:49Z,market,22,3
2015-10-24T14:17:29Z,online,60,1
2015-02-02T14:21:35Z,market,58,3
2015-09-20T22:31:45Z,online,79,2
2015-04-28T14:14:07Z,online,2,1
2015-08-13T07:42:53Z,market,3,3
2015-04-27T10:21:01Z,online,93,3
2015-07-22T05:16:52Z,market,89,2
2015-08-24T00:27:34Z,online,14,1
2015-05-03T11:21:18Z,online,15,2
2015-06-17T17:48:42Z,online,11,1
2015-01-24T09:14:02Z,market,89,2
2015-11-23T23:08:48Z,online,84,3
2015-11-16T05:54:24Z,market,97,3
2015-04-14T14:03:59Z,market,80,3
2015-04-15T08:23:23Z,online,97,1
2015-12-02T12:32:12Z,online,31,3
2015-09-28T01:53:36Z,market,61,2
2015-04-08T07:45:10Z,market,73,3
2015-09-22T13:11:04Z,market,95,1
2015-10-05T13:44:51Z,market,3,1
2015-09-22T01:24:50Z,market,12,1
2015-04-05T03:16:31Z,online,18,1
2015-04-14T22:33:45Z,online,74,1
2015-05-03T06:39:11Z,online,24,1
2015-10-30T11:47:30Z,online,10,2
2015-09-13T19:59:29Z,market,23,3
2015-04-27T23:27:01Z,market,57,1
2015-01-15T07:14:30Z,market,79,2
2015-05-18T09:19:14Z,market,68,2
2015-03-03T20:51:51Z,market,52,3
2015-11-30T19:48:29Z,online,51,1
2015-10-04T04:57:34Z,online,41,1
2015-10-30T23:08:12Z,market,100,1
2015-12-11T23:56:07Z,market,61,3
2015-10-13T09:36:00Z,online,13,1
2015-08-26T00:46:20Z,market,95,1
2015-06-19T21:07:28Z,online,39,2
2015-08-12T01:04:59Z,online,57,3
2015-04-26T09:24:04Z,online,36,2
2015-06-22T14:59:04Z,market,26,1
2015-03-17T10:16:28Z,online,31,3
2015-10-31T00:39:17Z,market,99,3
2015-10-31T12:45:40Z,market,67,3
2015-10-20T23:09:31Z,market,44,3
2015-04-06T05:32:39Z,online,55,2
2015-10-24T22:30:48Z,market,53,3
2015-03-04T08:56:21Z,market,94,3
2015-02-13T10:47:26Z,market,52,1
2015-05-10T08:33:34Z,market,97,3
2015-07-16T15:57:50Z,market,87,2
2015-10-18T00:11:15Z,online,34,2
2015-07-07T01:54:40Z,online,63,3
2015-06-05T06:42:34Z,market,44,1
2015-08-31T01:40:08Z,market,57,3
2015-08-15T18:21:17Z,online,69,2
2015-05-18T21:08:31Z,market,66,1
2015-08-21T22:34:26Z,online,6,1
2015-12-04T16:24:39Z,market,37,2
2015-01-03T05:43:01Z,market,14,3
2015-11-06T05:42:46Z,market,48,1
2015-09-23T17:19:14Z,market,1,3
2015-07-22T07:33:02Z,online,14,1
2015-10-02T20:59:09Z,online,61,1
2015-02-09T11:52:16Z,market,24,3
2015-09-16T21:07:06Z,market,92,1
2015-04-05T01:27:15Z,market,23,2
2015-04-15T13:00:12Z,online,4,1
2015-01-07T10:44:54Z,online,60,3
2015-09-26T03:42:31Z,market,42,2
2015-04-11T10:08:11Z,online,16,3
2015-04-15T21:52:49Z,market,2,3
2015-09-30T15:46:14Z,market,89,1
2015-05-08T11:59:05Z,online,36,2
2015-05-04T09:08:17Z,market,14,2
2015-07-18T23:05:53Z,market,81,1
2015-11-30T07:12:38Z,online,53,2
2015-07-08T04:25:47Z,market,39,3
2015-03-11T11:33:13Z,online,68,3
2015-02-12T19:12:13Z,online,31,3
2015-04-16T13:56:16Z,online,18,1
2015-06-12T21:50:48Z,online,7,3
2015-07-17T08:09:59Z,market,71,2
2015-09-02T20:04:43Z,market,99,2
2015-10-01T21:27:48Z,market,17,1
2015-09-26T05:07:00Z,online,24,1
2015-10-28T22:54:24Z,online,22,1
2015-06-17T08:48:24Z,online,57,3
2015-01-06T05:01:12Z,online,90,2
2015-12-18T04:33:34Z,online,32,1
2015-03-27T00:08:34Z,online,3,3
2015-06-09T05:39:20Z,online,50,1
2015-12-03T05:43:59Z,market,7,2
2015-06-17T03:37:44Z,online,53,2
2015-09-22T18:51:59Z,online,41,1
2015-12-14T18:50:39Z,online,32,1
2015-06-19T22:11:25Z,market,72,3
2015-05-30T18:03:57Z,online,85,2
2015-12-15T15:14:52Z,online,55,1
2015-10-17T07:47:31Z,online,71,2
2015-04-13T19:57:31Z,online,99,2
2015-09-25T01:19:47Z,market,52,2
2015-03-23T02:19:25Z,online,81,2
2015-02-06T12:57:23Z,online,27,1
2015-09-29T00:20:23Z,online,66,2
2015-10-21T11:57:48Z,market,32,3
2015-05-02T13:31:56Z,online,6,3
2015-11-30T20:56:02Z,market,14,1
2015-10-21T22:55:39Z,online,37,2
2015-06-28T09:03:32Z,market,84,3
2015-07-20T16:55:25Z,online,20,1
2015-04-01T10:17:25Z,market,11,1
2015-09-30T12:50:32Z,online,21,2
2015-04-21T14:33:54Z,market,86,1
2015-08-15T10:50:00Z,online,36,2
2015-01-01T19:58:39Z,market,91,1
2015-11-24T00:21:39Z,market,51,3
2015-05-03T20:29:03Z,market,59,2
2015-02-08T22:50:18Z,online,93,2
2015-09-15T07:40:28Z,online,1,1
2015-09-09T10:02:45Z,market,66,2
2015-10-28T21:01:40Z,market,17,1
2015-05-22T00:14:37Z,online,94,2
2015-04-16T02:42:57Z,market,13,3
2015-12-05T13:10:47Z,market,66,1
2015-07-28T11:55:55Z,online,32,2
2015-01-14T16:50:42Z,online,98,1
2015-02-06T13:29:53Z,online,65,1
2015-06-16T04:40:19Z,market,21,1
2015-08-29T20:58:12Z,market,80,1
2015-06-11T02:22:07Z,online,2,2
2015-10-01T05:19:49Z,online,66,2
2015-03-21T00:56:58Z,online,30,3
2015-07-27T15:52:56Z,online,31,1
2015-09-28T22:10:29Z,market,24,2
2015-10-06T04:35:18Z,online,16,2
2015-10-13T07:17:12Z,market,35,1
2015-05-11T06:41:35Z,online,9,3
2015-09-11T03:20:07Z,market,18,2
2015-08-29T19:38:23Z,online,24,2
2015-05-29T07:18:49Z,online,40,3
2015-11-30T02:26:13Z,market,75,1
2015-05-28T23:40:44Z,online,26,3
2015-04-02T18:43:31Z,market,41,3
2015-06-08T21:15:48Z,market,17,3
2015-01-12T03:31:59Z,market,3,3
2015-05-24T01:07:59Z,market,98,3
2015-02-14T01:24:14Z,online,49,1
2015-01-17T14:55:34Z,market,62,2
2015-06-15T11:00:39Z,online,69,2
2015-04-07T23:50:03Z,online,47,2
2015-10-18T22:19:25Z,market,53,1
2015-12-13T17:39:47Z,market,27,2
2015-08-25T16:43:42Z,online,86,1
2015-11-09T18:01:19Z,online,56,3
2015-02-03T22:37:21Z,market,2,3
2015-06-22T07:15:36Z,market,96,3
2015-03-20T22:24:48Z,online,38,2
2015-12-06T23:01:19Z,online,23,1
2015-07-26T17:25:09Z,market,100,3
2015-03-13T22:04:32Z,online,74,3
2015-05-29T14:43:06Z,market,89,3
2015-09-15T05:59:00Z,online,25,3
2015-09-09T09:14:22Z,market,37,3
2015-09-18T14:56:31Z,market,18,1
2015-08-09T16:11:13Z,online,22,3
2015-05-28T01:18:28Z,online,34,1
2015-11-11T10:40:06Z,online,100,1
2015-01-05T15:19:14Z,online,53,3
2015-03-16T22:04:15Z,market,73,1
2015-01-01T01:47:11Z,market,2,1
2015-10-08T02:59:04Z,market,26,1
2015-05-29T23:43:20Z,online,58,3
2015-04-21T12:09:04Z,market,27,2
2015-09-30T13:01:09Z,market,44,1
2015-08-27T22:54:07Z,market,63,3
2015-08-12T05:35:19Z,online,95,2
2015-12-27T04:21:16Z,online,66,3
2015-06-02T07:10:02Z,market,61,1
2015-03-20T12:55:44Z,market,22,3
2015-01-18T02:25:40Z,market,40,1
2015-02-11T10:25:39Z,online,39,3
2015-03-13T23:13:40Z,market,31,1
2015-09-01T19:44:48Z,online,41,3
2015-10-01T14:26:27Z,online,69,2
2015-12-05T12:59:45Z,online,53,3
2015-05-29T02:11:10Z,market,87,2
2015-02-03T03:03:09Z,online,52,2
2015-08-06T21:48:25Z,online,64,3
2015-06-08T00:29:37Z,market,75,1
2015-11-18T19:34:48Z,online,54,1
2015-11-03T07:16:00Z,online,81,2
2015-07-15T23:47:45Z,online,82,3
2015-05-03T09:03:16Z,online,66,1
2015-05-03T06:14:39Z,market,48,2
2015-09-09T12:18:24Z,market,70,1
2015-11-05T15:31:07Z,market,58,1
2015-11-01T12:54:57Z,online,2,1
2015-03-22T16:28:01Z,online,6,2
2015-02-05T01:13:27Z,market,3,2
2015-04-01T17:41:03Z,online,73,3
2015-06-12T14:03:47Z,online,40,1
2015-03-26T01:53:18Z,market,59,3
2015-03-27T20:16:06Z,online,57,3
2015-05-12T11:32:32Z,market,96,1
2015-06-16T19:28:46Z,online,76,3
2015-04-09T21:49:52Z,online,80,1
2015-09-12T16:28:54Z,market,80,3
2015-07-29T22:23:55Z,online,57,1
2015-08-19T07:14:55Z,market,87,1
2015-01-05T12:01:08Z,online,36,1
2015-05-20T14:01:48Z,online,36,3
2015-01-01T05:00:15Z,market,88,2
2015-12-06T03:42:53Z,online,63,1
2015-02-21T04:04:38Z,online,90,2
2015-10-31T02:04:46Z,market,86,1
2015-11-23T13:56:41Z,online,23,3
2015-04-16T21:08:36Z,online,60,3
2015-10-04T06:10:32Z,market,51,2
2015-12-21T00:58:26Z,online,1,3
2015-05-17T05:43:02Z,market,72,1
2015-06-17T13:44:56Z,market,45,3
2015-12-31T08:31:44Z,market,56,2
2015-07-02T09:54:35Z,market,95,3
2015-02-14T11:01:46Z,market,54,1
2015-06-28T02:53:52Z,market,95,1
2015-02-17T12:15:26Z,market,28,3
2015-10-07T23:51:38Z,market,40,3
2015-09-14T16:30:41Z,online,64,2
2015-12-12T01:41:25Z,market,2,2
2015-11-13T15:27:30Z,online,48,3
2015-08-12T18:28:29Z,online,34,1
2015-07-11T08:36:03Z,online,77,3
2015-07-10T11:59:32Z,market,54,2
2015-08-14T19:37:20Z,online,64,2
2015-12-06T11:03:27Z,market,94,2
2015-03-17T23:13:57Z,market,34,2
2015-12-12T16:03:34Z,online,25,1
2015-05-19T18:20:42Z,market,72,2
2015-02-24T10:22:03Z,market,27,3
2015-05-25T09:40:56Z,online,45,3
2015-12-09T18:19:07Z,market,54,3
2015-01-22T17:47:22Z,market,54,2
2015-11-28T15:41:45Z,market,45,3
2015-11-08T11:58:32Z,market,39,1
2015-07-17T05:58:48Z,market,4,1
2015-11-20T06:25:38Z,online,10,3
2015-04-22T23:42:58Z,online,99,3
2015-04-17T17:30:06Z,online,50,3
2015-12-29T16:43:04Z,market,23,2
2015-07-21T19:55:19Z,online,62,1
2015-09-16T00:35:48Z,market,99,3
2015-10-18T01:54:13Z,online,45,2
2015-08-02T19:34:26Z,market,87,1
2015-01-23T05:43:22Z,online,11,3
2015-09-24T20:25:17Z,market,91,2
2015-04-08T00:25:31Z,online,61,2
2015-07-24T03:00:33Z,market,49,1
2015-05-26T16:20:06Z,online,79,1
2015-12-20T23:16:11Z,market,70,1
2015-08-10T11:45:41Z,online,48,3
2015-01-26T03:11:44Z,online,94,2
2015-09-19T04:16:46Z,online,40,1
2015-03-20T03:53:20Z,online,78,1
2015-10-10T16:19:09Z,online,22,2
2015-05-19T10:38:24Z,online,77,3
2015-07-02T13:35:26Z,market,35,1
2015-03-28T05:51:30Z,market,66,2
2015-02-06T16:15:14Z,market,15,3
2015-07-24T17:50:50Z,online,74,1
2015-05-09T15:06:09Z,online,84,2
2015-11-21T19:46:37Z,online,15,1
2015-07-17T02:24:25Z,market,56,3
2015-06-12T11:19:55Z,market,23,1
2015-08-08T01:17:45Z,market,61,3
2015-12-07T08:16:48Z,online,3,2
2015-06-26T20:27:24Z,market,65,3
2015-04-20T20:21:19Z,market,87,1
2015-12-14T17:07:14Z,market,43,2
2015-02-18T17:54:51Z,online,25,1
2015-04-02T11:27:07Z,online,50,2
2015-10-01T22:26:29Z,online,26,2
2015-08-17T01:53:39Z,market,13,1
2015-02-03T15:37:35Z,market,99,3
2015-10-08T05:57:29Z,online,68,3
2015-05-29T22:42:19Z,market,23,2
2015-05-08T06:19:37Z,market,22,1
2015-06-16T11:03:15Z,online,11,3
2015-09-27T00:19:30Z,online,84,1
2015-03-11T09:01:58Z,market,76,3
2015-06-20T00:29:09Z,online,3,3
2015-03-29T19:17:28Z,market,66,1
2015-07-12T18:07:23Z,market,17,1
2015-05-20T03:09:35Z,market,76,1
2015-12-06T20:00:20Z,online,29,2
2015-03-29T00:16:08Z,market,24,3
2015-07-14T14:22:11Z,market,9,1
2015-02-08T10:43:18Z,online,58,1
2015-03-13T18:10:09Z,online,87,2
2015-04-22T06:19:14Z,market,37,1
2015-02-08T03:04:35Z,online,37,1
2015-06-07T22:22:29Z,market,13,3
2015-05-05T00:03:14Z,market,39,2
2015-10-23T08:28:26Z,market,28,3
2015-04-30T17:59:50Z,market,25,3
2015-09-17T10:47:32Z,market,16,2
2015-06-07T12:14:43Z,market,19,1
2015-03-29T12:48:04Z,market,24,1
2015-08-27T20:37:12Z,online,77,3
2015-01-07T16:45:22Z,online,73,1
2015-08-24T01:57:35Z,online,43,1
2015-05-20T17:57:44Z,market,11,3
2015-03-21T21:31:07Z,market,90,2
2015-09-03T11:14:33Z,market,14,3
2015-10-05T20:27:28Z,market,79,2
2015-09-12T23:57:12Z,market,36,2
2015-12-14T05:27:47Z,market,56,3
2015-01-28T08:36:47Z,online,99,1
2015-05-23T08:33:40Z,online,35,2
2015-02-28T14:02:41Z,online,58,1
2015-10-24T18:16:35Z,online,46,1
2015-11-08T20:19:39Z,market,77,2
2015-09-16T11:04:22Z,online,41,3
2015-11-08T12:50:55Z,market,85,3
2015-05-31T01:34:49Z,market,64,3
2015-04-13T12:22:19Z,online,65,1
2015-01-15T12:57:25Z,online,91,3
2015-01-27T11:49:28Z,market,51,2
2015-03-24T02:38:02Z,online,100,1
2015-02-07T17:20:13Z,market,11,1
2015-10-06T05:06:32Z,online,93,2
2015-08-19T15:28:33Z,market,93,1
2015-05-27T23:19:58Z,online,3,3
2015-05-05T04:16:22Z,market,59,2
2015-11-18T06:08:04Z,online,27,2
2015-05-28T17:22:43Z,online,6,2
2015-01-03T06:41:16Z,market,84,1
2015-02-28T00:44:10Z,online,92,1
2015-04-15T10:40:18Z,market,44,1
2015-08-14T00:50:18Z,market,59,3
2015-02-16T18:33:54Z,online,100,2
2015-12-04T09:59:05Z,online,92,1
2015-06-19T18:18:51Z,online,75,1
2015-10-30T21:30:40Z,online,87,3
2015-04-14T01:27:38Z,online,48,2
2015-07-16T22:25:39Z,market,97,3
2015-03-27T02:46:55Z,online,94,3
2015-02-04T08:48:57Z,online,91,3
2015-04-22T11:52:42Z,online,33,2
2015-01-24T11:25:14Z,market,98,3
2015-04-23T13:34:46Z,market,58,3
2015-07-28T21:15:18Z,online,33,2
2015-07-03T23:56:30Z,market,66,2
2015-08-19T11:13:49Z,market,65,2
2015-09-02T15:03:39Z,market,13,3
2015-07-22T22:51:15Z,market,55,2
2015-09-06T15:21:08Z,market,29,2
2015-08-20T23:01:44Z,online,55,3
2015-01-17T09:16:56Z,market,36,1
2015-07-11T10:19:43Z,online,63,3
2015-08-21T19:03:50Z,online,21,1
2015-09-12T04:52:21Z,market,85,3
2015-05-30T05:24:37Z,online,68,3
2015-09-20T19:31:49Z,online,61,1
2015-02-24T22:22:42Z,market,64,2
2015-10-31T08:01:16Z,market,45,3
2015-09-08T02:58:31Z,market,5,2
2015-10-16T19:04:09Z,market,57,2
2015-04-27T15:11:09Z,online,83,2
2015-05-20T20:09:18Z,market,67,1
2015-05-21T23:46:30Z,market,72,3
2015-01-21T21:21:01Z,market,12,1
2015-12-25T06:17:05Z,online,12,1
2015-11-24T14:41:31Z,online,45,2
2015-12-28T17:10:53Z,online,51,1
2015-10-29T02:06:33Z,online,76,1
2015-04-30T18:53:10Z,market,32,3
2015-03-10T09:52:44Z,market,68,1
2015-06-06T14:43:27Z,market,65,3
2015-09-28T00:16:33Z,market,21,3
2015-02-19T05:07:54Z,online,98,2
2015-06-12T23:11:10Z,online,53,1
2015-05-22T16:10:01Z,market,34,1
2015-01-13T06:14:35Z,market,64,3
2015-11-28T12:29:43Z,market,70,2
2015-11-18T20:27:30Z,market,97,3
2015-08-08T10:35:46Z,online,50,1
2015-01-31T21:11:00Z,online,79,1
2015-03-26T15:54:29Z,market,89,1
2015-04-08T08:43:31Z,online,81,2
2015-05-08T14:02:58Z,market,51,2
2015-02-28T13:12:37Z,online,3,2
2015-08-21T20:24:00Z,online,90,3
2015-12-16T09:06:04Z,market,9,2
2015-05-02T15:06:53Z,market,38,3
2015-12-20T18:26:41Z,online,13,2
2015-10-15T18:30:34Z,online,32,3
2015-02-19T00:42:32Z,market,57,2
2015-09-22T09:28:07Z,market,65,1
2015-06-07T13:24:57Z,online,28,3
2015-04-18T13:16:44Z,online,37,1
2015-07-18T05:24:08Z,online,45,3
2015-10-26T21:31:07Z,market,44,3
2015-06-06T16:24:57Z,market,48,1
2015-10-20T12:03:32Z,online,57,2
2015-06-12T06:48:26Z,market,94,1
2015-09-26T10:02:43Z,online,48,3
2015-11-14T20:04:34Z,market,71,1
2015-10-16T01:33:32Z,market,85,2
2015-07-19T02:18:40Z,online,70,1
2015-08-28T17:03:24Z,market,70,2
2015-09-16T19:12:39Z,market,60,1
2015-05-17T04:21:14Z,online,33,1
2015-01-11T14:51:33Z,online,39,1
2015-10-20T08:32:22Z,online,46,3
2015-12-16T23:59:34Z,online,41,3
2015-02-17T10:04:59Z,market,89,2
2015-04-13T11:18:01Z,market,84,3
2015-04-18T15:44:15Z,market,23,2
2015-09-04T08:16:05Z,market,60,2
2015-01-04T18:36:49Z,market,56,1
2015-04-05T23:35:06Z,market,41,2
2015-11-18T08:52:17Z,online,24,3
2015-04-12T11:13:51Z,market,39,3
2015-07-25T19:36:10Z,market,25,1
2015-11-22T04:51:41Z,market,94,1
2015-05-30T20:15:43Z,market,5,2
2015-10-17T03:29:21Z,market,42,1
2015-06-07T16:06:52Z,online,84,2
2015-06-30T05:07:58Z,online,78,1
2015-02-05T20:25:22Z,market,82,2
2015-11-03T05:13:32Z,online,40,2
2015-07-02T19:28:05Z,online,44,2
2015-01-20T22:36:34Z,market,10,3
2015-04-07T17:56:42Z,market,7,3
2015-12-24T15:18:16Z,market,15,1
2015-08-29T05:00:30Z,market,64,3
2015-04-27T22:26:25Z,online,2,2
2015-07-03T09:06:05Z,online,64,1
2015-02-03T06:08:18Z,online,47,1
2015-01-13T23:12:56Z,market,18,3
2015-03-05T04:05:47Z,market,22,1
2015-07-15T11:49:56Z,online,79,1
2015-02-25T04:18:02Z,market,82,1
2015-09-03T02:51:57Z,market,4,2
2015-07-20T12:40:44Z,market,21,3
2015-06-23T15:36:14Z,market,59,2
2015-11-10T20:36:17Z,market,69,2
2015-04-09T01:51:34Z,online,76,1
2015-07-06T00:36:33Z,online,8,2
2015-05-11T04:16:09Z,market,43,2
2015-01-02T13:02:27Z,online,52,2
2015-09-10T02:58:59Z,market,81,1
2015-12-26T17:23:38Z,online,27,2
2015-05-14T18:46:25Z,online,94,3
2015-06-17T21:57:19Z,online,68,1
2015-04-23T08:00:37Z,market,56,2
2015-05-09T06:59:05Z,online,63,3
2015-03-27T19:44:13Z,market,17,3
2015-02-21T10:44:17Z,market,71,3
2015-06-07T18:58:42Z,market,6,2
2015-10-29T19:17:34Z,online,6,2
2015-11-29T23:46:18Z,market,88,1
2015-05-18T05:54:48Z,online,9,2
2015-06-30T02:52:51Z,online,61,1
2015-03-03T14:43:56Z,online,2,3
2015-10-16T04:37:36Z,online,28,1
2015-10-05T01:15:22Z,online,16,2
2015-01-07T20:40:52Z,market,67,2
2015-05-17T15:52:33Z,online,1,3
2015-09-30T10:15:32Z,market,9,2
2015-04-02T21:35:02Z,online,80,3
2015-12-24T21:52:10Z,online,60,3
2015-07-14T02:34:53Z,market,16,1
2015-06-30T03:32:24Z,online,61,2
2015-03-21T20:01:01Z,market,53,3
2015-10-02T13:34:15Z,market,43,3
2015-03-10T13:36:03Z,online,76,2
2015-11-11T08:12:43Z,online,80,3
2015-05-30T20:01:07Z,online,27,2
2015-12-06T01:37:36Z,market,9,3
2015-02-28T10:15:21Z,market,81,3
2015-07-17T13:27:30Z,online,38,3
2015-11-29T07:34:00Z,market,91,2
2015-12-29T21:52:06Z,market,74,2
2015-01-09T21:57:50Z,market,43,2
2015-10-12T18:39:25Z,online,61,3
2015-12-09T03:13:34Z,online,55,2
2015-04-01T06:33:07Z,market,99,3
2015-03-16T10:42:39Z,online,34,2
2015-11-14T04:41:38Z,market,31,2
2015-11-30T15:20:43Z,online,47,2
2015-07-02T16:18:05Z,online,100,1
2015-01-16T01:56:11Z,online,57,1
2015-04-07T10:14:29Z,market,96,2
2015-01-23T17:47:09Z,market,29,1
2015-07-15T19:29:08Z,online,66,3
2015-10-03T05:56:59Z,market,64,1
2015-08-07T15:56:42Z,online,85,1
2015-06-17T05:45:39Z,online,21,2
2015-11-10T07:13:21Z,online,40,1
2015-09-09T22:27:51Z,market,40,2
2015-04-27T07:12:14Z,online,80,1
2015-06-23T03:22:40Z,market,87,3
2015-11-03T03:41:50Z,online,9,1
2015-06-05T08:55:52Z,market,15,2
2015-06-02T07:20:51Z,online,2,1
2015-01-18T13:33:18Z,online,25,2
2015-05-10T03:52:28Z,market,69,2
2015-09-10T03:00:04Z,market,37,3
2015-05-14T04:50:32Z,online,18,3
2015-12-10T04:20:56Z,market,13,1
2015-04-01T00:17:32Z,market,70,3
2015-05-02T10:09:26Z,market,91,1
2015-10-10T18:09:37Z,market,98,3
2015-04-29T15:35:20Z,market,10,2
2015-02-03T22:20:22Z,market,89,1
2015-08-23T15:01:40Z,market,38,1
2015-04-14T04:20:59Z,market,100,2
2015-12-28T20:59:57Z,online,73,2
2015-10-07T04:56:49Z,market,53,2
2015-05-15T11:31:30Z,market,88,3
2015-05-01T06:50:57Z,online,53,3
2015-05-18T16:05:21Z,online,54,2
2015-11-14T08:03:11Z,market,24,3
2015-06-27T19:22:20Z,market,79,3
2015-04-12T13:33:38Z,market,9,1
2015-11-04T01:17:59Z,online,19,2
2015-02-03T09:39:40Z,market,57,3
2015-10-18T09:32:48Z,market,51,1
2015-05-30T02:16:07Z,online,97,1
2015-06-07T20:04:24Z,online,75,1
2015-10-24T01:33:14Z,online,91,2
2015-08-07T05:37:41Z,market,40,1
2015-01-23T08:44:13Z,market,40,2
2015-05-29T20:46:43Z,market,34,3
2015-12-28T17:57:59Z,online,31,3
2015-05-04T13:34:21Z,market,28,1
2015-01-19T16:26:14Z,market,21,2
2015-08-25T00:54:42Z,online,75,3
2015-06-25T11:28:53Z,market,49,3
2015-04-19T07:23:09Z,market,19,3
2015-11-01T18:21:12Z,online,50,2
2015-07-28T19:55:03Z,market,28,3
2015-03-03T05:50:11Z,market,9,1
2015-10-27T03:20:19Z,online,27,3
2015-08-17T08:32:37Z,online,78,1
2015-04-08T12:01:51Z,market,7,3
2015-06-13T17:26:30Z,market,46,1
2015-09-21T05:52:08Z,market,62,2
2015-04-24T08:19:43Z,market,89,2
2015-11-10T16:05:44Z,market,90,3
2015-10-05T07:47:08Z,online,47,3
2015-10-25T16:21:24Z,online,100,3
2015-12-02T18:08:38Z,market,61,1
2015-04-24T14:45:02Z,online,72,2
2015-12-18T04:49:33Z,market,72,2
2015-08-19T22:14:27Z,online,1,2
2015-01-03T14:49:21Z,market,67,2
2015-01-14T05:30:28Z,market,23,3
2015-05-30T19:06:38Z,online,86,2
2015-06-24T18:04:42Z,market,44,1
2015-03-03T02:51:07Z,online,43,2
2015-04-30T14:31:56Z,online,14,2
2015-09-22T21:08:44Z,online,8,1
2015-11-28T21:36:16Z,online,31,1
2015-07-14T13:08:41Z,market,34,2
2015-05-08T06:10:52Z,market,38,2
2015-04-25T17:55:32Z,online,47,1
2015-01-25T15:56:04Z,online,82,2
2015-04-19T01:55:05Z,market,70,1
2015-02-27T09:06:46Z,online,55,3
2015-10-02T02:28:43Z,online,14,2
2015-09-13T12:42:11Z,online,13,1
2015-08-05T11:59:22Z,online,23,1
2015-10-11T13:06:33Z,market,32,1
2015-06-11T13:45:26Z,market,24,1
2015-11-08T17:54:47Z,market,42,2
2015-07-09T20:07:27Z,online,64,2
2015-10-31T16:49:34Z,market,75,1
2015-07-31T20:41:42Z,online,74,1
2015-05-26T07:00:24Z,online,69,2
2015-12-25T18:16:19Z,market,71,1
2015-07-29T23:03:29Z,online,76,1
2015-10-05T00:36:50Z,online,56,1
2015-06-18T08:19:35Z,online,16,2
2015-04-14T01:50:18Z,online,75,2
2015-06-27T10:42:13Z,online,69,2
2015-04-08T16:06:35Z,market,14,2
2015-01-16T05:56:07Z,online,93,2
2015-04-26T10:52:15Z,online,96,3
2015-12-21T20:26:14Z,market,23,3
2015-01-23T10:56:58Z,online,71,2
2015-01-15T11:29:37Z,market,22,1
2015-02-16T03:58:28Z,online,28,2
2015-07-19T12:41:11Z,online,60,3
2015-04-12T16:58:57Z,market,74,1
2015-01-24T13:25:06Z,market,8,1
2015-08-14T01:26:02Z,online,4,3
2015-07-28T20:02:03Z,market,40,1
2015-06-03T04:22:34Z,online,41,3
2015-08-23T16:51:04Z,market,81,3
2015-12-23T14:16:32Z,online,55,2
2015-01-06T17:31:28Z,market,57,3
2015-08-20T18:45:08Z,market,68,3
2015-05-07T19:13:05Z,market,11,3
2015-01-14T10:36:47Z,online,22,2
2015-06-16T22:40:00Z,market,31,2
2015-09-03T21:25:06Z,online,27,1
2015-07-23T15:02:35Z,market,71,1
2015-05-15T08:55:31Z,online,24,2
2015-06-06T15:55:56Z,online,62,2
2015-04-14T05:16:48Z,online,72,3
2015-12-11T03:15:23Z,market,11,2
2015-12-27T21:08:05Z,online,27,1
2015-08-29T13:45:59Z,market,85,1
2015-03-31T21:02:09Z,market,96,2
2015-01-22T14:26:00Z,online,68,2
2015-05-13T00:42:13Z,market,91,2
2015-02-08T04:19:43Z,online,1,1
2015-08-28T14:07:05Z,market,46,2
2015-07-08T14:48:03Z,online,61,1
2015-06-13T01:02:12Z,online,55,1
2015-08-10T14:14:40Z,online,76,1
2015-05-06T22:15:30Z,market,64,2
2015-06-11T00:18:35Z,market,93,2
2015-05-03T01:02:20Z,market,31,1
2015-02-09T17:46:56Z,market,90,3
2015-01-18T16:08:16Z,market,4,2
2015-04-07T13:10:59Z,online,97,1
2015-08-23T23:18:12Z,market,48,1
2015-12-30T12:20:03Z,market,51,1
2015-04-22T02:01:33Z,online,38,3
2015-03-19T18:19:01Z,online,97,1
2015-07-31T00:53:10Z,online,93,1
2015-09-18T20:56:48Z,market,72,3
2015-08-25T18:05:20Z,market,11,3
2015-12-02T13:41:37Z,online,29,2
2015-01-15T12:36:14Z,market,19,2
2015-04-15T14:30:39Z,market,21,2
2015-03-14T11:49:38Z,market,76,1
2015-04-06T19:57:10Z,online,47,1
2015-04-07T01:32:11Z,online,88,2
2015-03-25T05:48:16Z,market,99,3
2015-09-21T06:09:36Z,market,53,1
2015-03-31T00:34:27Z,online,74,2
2015-05-26T06:13:30Z,online,57,2
2015-06-17T06:13:09Z,online,23,1
2015-08-12T02:57:27Z,market,36,3
2015-04-03T13:06:42Z,online,65,2
2015-07-14T14:40:52Z,market,33,1
2015-06-18T22:19:09Z,market,8,1
2015-02-24T12:49:20Z,online,47,1
2015-09-01T04:52:07Z,market,75,3
2015-04-07T15:00:46Z,market,60,1
2015-11-25T00:05:58Z,market,87,1
2015-10-31T04:19:38Z,online,1,3
2015-04-26T21:56:20Z,online,77,2
2015-03-11T21:18:04Z,market,62,1
2015-12-22T22:44:47Z,online,67,2
2015-09-15T18:10:40Z,online,12,1
2015-08-06T14:01:23Z,market,32,2
2015-09-07T06:56:50Z,online,98,3
2015-03-24T15:01:36Z,market,23,2
2015-02-15T01:11:06Z,online,77,3
2015-12-18T01:21:28Z,online,88,3
2015-03-13T20:15:41Z,online,89,2
2015-01-28T04:24:27Z,online,37,2
2015-07-09T20:57:45Z,market,46,2
2015-06-24T00:16:17Z,online,11,3
2015-12-26T20:12:27Z,online,57,2
2015-04-04T03:24:38Z,market,71,1
2015-10-05T21:53:13Z,online,35,2
2015-09-23T01:37:48Z,market,5,2
2015-07-25T16:46:14Z,online,39,1
2015-04-11T15:05:30Z,market,16,2
2015-02-17T23:24:15Z,market,26,1
2015-05-11T22:16:00Z,market,48,1
2015-08-22T09:17:55Z,online,45,3
2015-04-11T17:16:12Z,market,60,2
2015-11-16T16:26:28Z,online,14,2
2015-09-13T00:49:19Z,online,1,1
2015-07-14T12:28:59Z,market,4,1
2015-05-17T00:27:03Z,market,37,3
2015-07-19T15:16:53Z,market,40,3
2015-06-30T21:45:17Z,online,2,3
2015-04-27T09:13:41Z,market,97,1
2015-11-17T21:20:16Z,market,74,1
2015-04-18T19:45:10Z,market,61,1
2015-10-06T05:59:58Z,online,59,3
2015-03-29T20:29:16Z,online,21,1
2015-01-02T10:22:07Z,market,4,2
2015-11-28T10:27:15Z,market,80,1
2015-08-19T20:02:49Z,market,4,3
2015-03-31T00:29:07Z,online,79,1
2015-05-13T19:28:56Z,market,51,1
2015-01-22T08:42:08Z,market,28,1
2015-04-17T09:40:34Z,online,12,1
2015-08-31T07:45:48Z,online,47,1
2015-04-08T16:07:59Z,market,31,2
2015-11-11T15:33:40Z,online,33,2
2015-01-03T18:37:18Z,online,53,2
2015-05-11T18:14:27Z,online,18,2
2015-11-07T19:16:28Z,online,70,3
2015-03-14T17:12:24Z,online,12,1
2015-04-08T14:36:06Z,market,6,2
2015-06-28T02:38:40Z,market,21,2
2015-04-22T09:03:22Z,online,95,1
2015-08-06T21:25:50Z,online,31,1
2015-03-17T10:19:14Z,market,39,2
2015-04-14T19:07:35Z,market,68,3
2015-09-30T13:05:55Z,online,81,3
2015-09-06T00:00:23Z,market,60,1
2015-03-24T09:12:25Z,online,100,2
2015-06-28T06:25:42Z,online,24,1
2015-10-29T20:39:44Z,market,4,1
2015-08-14T14:55:16Z,online,29,2
2015-01-15T10:07:53Z,market,65,1
2015-12-03T17:03:55Z,online,4,3
2015-06-14T05:27:31Z,online,31,3
2015-08-10T22:25:52Z,market,9,1
2015-11-05T12:44:19Z,market,60,3
2015-06-08T08:26:38Z,market,71,1
2015-02-06T05:29:43Z,online,81,3
2015-06-14T08:26:10Z,online,44,1
2015-11-13T21:33:30Z,market,92,2
2015-11-04T07:10:29Z,market,93,2
2015-11-07T09:21:06Z,market,62,3
2015-05-06T00:19:23Z,market,92,1
2015-03-22T01:52:01Z,online,86,2
2015-09-25T19:05:05Z,online,22,3
2015-02-11T23:27:56Z,market,28,2
2015-07-16T10:50:07Z,market,54,3
2015-07-31T17:09:44Z,market,99,1
2015-08-13T18:17:11Z,online,6,2
2015-09-05T12:22:31Z,market,8,1
2015-04-15T23:15:35Z,market,75,1
2015-10-26T07:36:27Z,online,96,2
2015-05-22T19:33:27Z,market,34,3
2015-10-23T23:07:34Z,online,80,2
2015-07-28T08:42:29Z,online,23,3
2015-02-22T08:29:51Z,market,52,3
2015-10-05T05:09:01Z,market,82,1
2015-07-06T03:41:48Z,market,60,2
2015-08-21T15:49:08Z,market,92,2
2015-11-10T18:14:08Z,online,22,1
2015-11-22T09:07:36Z,online,1,2
2015-05-23T06:05:10Z,online,100,3
2015-02-13T03:43:10Z,online,77,3
2015-10-05T22:46:27Z,online,71,2
2015-07-09T23:19:31Z,market,28,1
2015-08-19T06:09:29Z,market,6,1
2015-10-03T01:38:55Z,market,59,3
2015-05-17T12:05:42Z,online,31,2
2015-12-31T01:27:54Z,online,30,1
2015-07-11T06:29:43Z,online,51,2
2015-09-26T14:33:33Z,online,93,2
2015-06-06T20:03:09Z,online,2,3
2015-03-23T10:41:12Z,market,61,2
2015-11-28T23:57:42Z,market,12,2
2015-03-29T19:28:23Z,online,9,2
2015-08-21T00:42:37Z,online,30,2
2015-09-18T09:11:59Z,online,45,3
2015-02-25T11:00:22Z,online,36,3
2015-11-11T04:45:27Z,market,8,1
2015-06-13T10:33:28Z,market,18,3
2015-06-09T05:11:48Z,online,8,1
2015-01-09T16:58:40Z,market,3,3
2015-03-22T22:59:41Z,market,57,2
2015-12-24T01:09:36Z,online,1,3
2015-10-20T16:01:39Z,online,73,1
2015-09-30T21:36:11Z,online,87,2
2015-06-14T06:00:53Z,market,88,1
2015-02-24T23:25:16Z,online,7,3
2015-11-02T07:24:23Z,online,53,2
2015-07-15T09:52:06Z,market,76,1
2015-06-22T04:51:21Z,market,100,1
2015-03-18T01:36:48Z,online,92,2
2015-08-22T21:12:29Z,online,2,2
2015-06-25T18:32:14Z,online,74,2
2015-01-05T14:24:21Z,online,32,2
2015-04-03T18:28:26Z,online,76,2
2015-02-22T00:22:10Z,online,55,1
2015-06-28T14:54:46Z,online,80,2
2015-03-21T05:34:40Z,market,25,2
2015-01-27T19:28:51Z,market,95,3
2015-01-10T19:13:44Z,online,81,2
2015-02-16T00:29:49Z,market,29,1
2015-02-17T19:54:51Z,market,48,1
2015-09-23T17:36:11Z,online,44,3
2015-12-21T11:38:52Z,online,15,3
2015-04-28T15:57:57Z,market,45,3
2015-09-08T17:57:28Z,online,11,3
2015-07-07T16:59:18Z,market,17,3
2015-02-02T14:50:27Z,market,41,1
2015-01-29T15:45:43Z,market,1,3
2015-06-01T04:41:45Z,online,80,3
2015-02-02T21:02:37Z,market,25,2
2015-02-02T18:03:15Z,online,21,3
2015-09-12T22:27:09Z,online,53,3
2015-03-18T16:19:00Z,market,54,2
2015-10-01T21:46:59Z,online,86,1
2015-08-03T19:54:58Z,market,41,1
2015-07-25T09:27:57Z,online,51,2
2015-06-06T19:41:07Z,online,40,1
2015-12-19T16:06:32Z,online,2,1
2015-05-26T04:44:06Z,market,62,1
2015-08-14T14:35:03Z,online,7,3
2015-05-19T16:37:47Z,market,34,2
2015-02-09T03:48:38Z,online,2,1
2015-05-31T10:54:52Z,online,31,1
2015-03-22T02:30:18Z,market,51,1
2015-02-08T12:30:02Z,online,26,1
2015-01-24T08:31:04Z,market,10,2
2015-03-17T21:44:29Z,online,14,3
2015-08-06T15:53:27Z,online,15,1
2015-11-09T23:40:35Z,online,26,3
2015-03-20T09:05:43Z,online,65,1
2015-08-09T22:01:52Z,market,86,1
2015-11-14T11:18:36Z,market,57,3
2015-10-10T01:54:10Z,market,37,3
2015-03-29T08:39:46Z,market,93,1
2015-10-23T10:01:43Z,online,52,3
2015-10-15T12:04:47Z,online,25,1
2015-09-25T13:13:47Z,online,22,3
2015-06-27T23:19:07Z,market,14,2
2015-03-30T21:17:13Z,market,86,1
2015-09-09T03:07:53Z,market,21,1
2015-08-19T00:46:33Z,online,77,1
2015-07-16T00:49:15Z,market,27,2
2015-01-01T05:53:21Z,market,39,2
2015-08-02T02:53:53Z,market,54,3
2015-11-26T06:16:58Z,online,80,1
2015-09-02T18:16:19Z,online,37,1
2015-06-07T09:16:36Z,online,46,3
2015-05-16T19:36:00Z,online,1,3
2015-03-23T08:51:05Z,online,11,2
2015-02-28T01:03:44Z,online,3,1
2015-03-14T16:51:54Z,online,41,3
2015-08-13T09:45:58Z,online,78,3
2015-01-12T19:36:36Z,market,93,2
2015-06-09T23:16:22Z,online,89,2
2015-04-27T08:08:45Z,market,28,2
2015-06-14T13:56:59Z,market,21,2
2015-08-01T12:08:32Z,online,87,3
2015-11-06T11:05:20Z,online,30,2
2015-05-07T17:45:20Z,market,59,3
2015-06-08T14:33:42Z,market,12,1
2015-07-18T22:02:36Z,market,98,1
2015-06-01T12:35:39Z,online,84,1
2015-03-23T07:15:49Z,market,90,2
2015-04-16T11:42:34Z,online,93,2
2015-06-29T12:02:10Z,market,11,1
2015-07-22T19:50:45Z,market,80,1
2015-04-26T08:58:20Z,market,40,3
2015-04-11T22:44:23Z,market,44,1
2015-02-08T07:33:03Z,market,28,1
2015-04-30T12:13:16Z,online,92,2
2015-06-11T03:18:00Z,online,32,1
2015-06-10T21:26:48Z,market,57,1
2015-06-30T14:00:29Z,market,44,1
2015-08-31T13:54:22Z,market,38,3
2015-01-12T19:27:32Z,online,36,1
2015-07-08T09:38:51Z,market,100,2
2015-09-13T12:19:39Z,market,52,1
2015-01-01T08:26:54Z,online,38,3
2015-12-10T23:13:02Z,market,22,1
2015-12-07T17:55:35Z,online,77,3
2015-03-31T23:46:05Z,market,28,2
2015-09-07T03:44:31Z,online,89,1
2015-04-17T19:13:14Z,online,95,3
2015-03-22T05:35:12Z,market,91,3
2015-10-10T10:41:48Z,online,14,3
2015-05-07T22:31:11Z,online,37,1
2015-11-16T23:39:16Z,market,17,2
2015-10-13T08:01:21Z,market,5,3
2015-07-11T14:03:48Z,online,16,1
2015-08-19T13:39:42Z,online,15,3
2015-03-12T01:50:00Z,online,69,1
2015-06-05T00:56:56Z,market,60,1
2015-06-07T15:41:35Z,online,8,2
2015-04-11T01:48:17Z,online,22,1
2015-12-21T08:51:29Z,online,70,1
2015-06-16T12:09:19Z,online,31,1
2015-09-01T14:41:14Z,online,32,3
2015-07-01T00:53:39Z,market,77,1
2015-06-23T08:13:27Z,online,58,2
2015-04-06T11:29:21Z,market,74,1
2015-05-29T07:12:51Z,online,8,3
2015-05-20T00:39:07Z,market,2,1
2015-10-10T10:12:56Z,market,38,3
2015-04-14T14:50:14Z,online,83,1
2015-04-15T04:50:11Z,market,59,1
2015-04-19T13:11:05Z,market,79,1
2015-08-19T22:36:53Z,market,8,3
2015-05-29T13:09:14Z,market,15,2
2015-09-23T18:47:45Z,market,30,1
2015-02-25T07:55:04Z,market,68,3
2015-02-24T06:24:52Z,market,92,2
2015-06-09T08:41:54Z,market,61,2
2015-08-14T20:09:39Z,market,32,1
2015-12-24T21:37:56Z,market,80,3
2015-11-15T05:29:25Z,market,92,2
2015-07-28T18:08:10Z,online,68,2
2015-08-24T10:40:12Z,market,15,2
2015-08-02T01:11:59Z,market,6,1
2015-06-13T05:52:44Z,online,34,1
2015-12-22T06:25:26Z,market,45,2
2015-08-26T22:15:38Z,market,62,3
2015-08-24T16:00:20Z,online,26,2
2015-12-09T00:27:35Z,online,57,2
2015-03-10T00:13:39Z,market,92,3
2015-04-01T14:41:24Z,market,42,1
2015-09-22T08:05:48Z,online,65,3
2015-09-06T19:50:15Z,market,100,3
2015-04-16T12:02:09Z,market,71,2
2015-04-19T10:54:11Z,market,18,1
2015-06-03T00:56:51Z,online,55,2
2015-12-15T05:35:05Z,market,86,3
2015-10-26T19:27:47Z,market,21,2
2015-07-11T00:34:36Z,online,69,1
2015-10-09T10:30:38Z,online,61,3
2015-02-10T10:51:30Z,online,12,2
2015-06-18T15:10:41Z,market,91,3
2015-01-12T02:42:02Z,online,35,3
2015-07-17T20:59:51Z,market,87,1
2015-08-11T14:24:08Z,market,85,2
2015-08-02T04:35:39Z,online,83,3
2015-11-21T23:47:28Z,online,8,3
2015-06-30T13:04:25Z,online,37,1
2015-03-23T12:05:14Z,market,87,1
2015-08-21T05:25:22Z,online,29,2
2015-12-21T18:58:00Z,market,19,3
2015-07-19T10:51:35Z,market,91,2
2015-06-16T09:19:20Z,market,24,1
2015-11-21T04:20:13Z,online,80,2
2015-09-29T10:29:39Z,online,65,2
2015-07-23T22:46:52Z,online,50,3
2015-01-28T03:44:33Z,market,33,1
2015-09-25T12:29:34Z,online,22,2
2015-03-24T08:13:54Z,online,37,3
2015-09-23T00:23:10Z,online,23,1
2015-01-09T03:16:16Z,online,69,2
2015-02-23T12:10:12Z,online,94,3
2015-05-10T09:44:27Z,market,73,1
2015-01-15T09:14:46Z,market,42,1
2015-05-25T20:53:15Z,market,6,1
2015-09-21T00:04:55Z,market,73,2
2015-09-12T13:29:54Z,market,72,2
2015-12-15T03:59:39Z,online,48,1
2015-03-24T07:17:02Z,online,47,2
2015-07-07T22:27:13Z,online,40,3
2015-09-01T18:08:56Z,market,100,3
2015-12-26T17:16:38Z,market,86,2
2015-07-04T02:02:37Z,online,60,3
2015-02-06T15:49:26Z,online,13,1
2015-08-07T08:48:25Z,online,99,3
2015-04-28T01:23:02Z,online,55,3
2015-10-20T12:19:27Z,market,70,2
2015-06-27T20:33:00Z,market,39,3
2015-11-09T12:37:36Z,market,27,3
2015-01-15T19:22:18Z,online,84,2
2015-06-03T14:32:37Z,market,29,1
2015-12-08T19:30:11Z,market,3,2
2015-06-30T20:28:43Z,market,72,1
2015-01-01T12:02:07Z,market,74,2
2015-05-18T21:58:08Z,online,56,3
2015-06-06T21:46:40Z,market,88,3
2015-03-27T12:25:06Z,market,23,3
2015-04-28T19:00:33Z,online,74,1
2015-11-02T17:50:59Z,market,33,1
2015-06-14T17:57:24Z,online,88,3
2015-09-14T02:21:37Z,online,40,2
2015-05-10T08:42:14Z,market,64,2
2015-06-16T18:15:01Z,market,17,3
2015-05-10T13:43:19Z,market,42,1
2015-09-09T12:26:37Z,market,4,1
2015-08-28T20:07:37Z,market,16,2
2015-01-23T07:01:01Z,online,86,1
2015-03-21T12:21:29Z,online,9,2
2015-11-06T10:35:20Z,online,25,3
2015-10-02T08:50:57Z,market,92,3
2015-12-27T23:12:30Z,market,33,1
2015-01-10T20:42:14Z,online,49,2
2015-06-10T06:19:10Z,online,93,2
2015-07-16T22:03:47Z,online,90,3
2015-04-27T03:11:19Z,market,84,1
2015-04-06T01:04:56Z,online,64,1
2015-01-10T12:51:06Z,market,87,2
2015-12-23T09:09:12Z,market,99,1
2015-09-09T16:10:05Z,market,68,1
2015-07-07T14:43:13Z,market,28,1
2015-10-30T10:39:27Z,market,89,1
2015-12-21T12:43:42Z,market,67,2
2015-11-25T16:14:35Z,market,29,3
2015-12-31T19:46:04Z,market,12,3
2015-07-22T22:25:23Z,market,34,1
2015-03-22T00:24:09Z,market,66,1
2015-10-23T02:57:12Z,online,23,1
2015-06-02T04:35:31Z,market,37,3
2015-11-23T01:05:36Z,market,49,1
2015-03-22T23:10:30Z,online,51,1
2015-04-27T01:37:55Z,online,29,1
2015-07-03T15:02:40Z,online,93,3
2015-02-20T15:09:02Z,online,1,1
2015-03-16T14:47:25Z,market,74,1
2015-08-23T13:32:18Z,market,90,2
2015-12-25T01:06:28Z,market,27,2
2015-12-05T19:18:10Z,market,41,2
2015-10-09T04:21:36Z,market,15,3
2015-04-07T13:47:14Z,market,42,2
2015-01-27T14:59:46Z,market,3,2
2015-10-04T21:45:32Z,market,28,2
2015-04-24T11:22:27Z,online,51,1
2015-04-30T05:00:20Z,online,84,1
2015-06-04T01:36:05Z,market,54,3
2015-11-03T03:35:51Z,market,58,1
2015-09-04T06:09:35Z,online,62,3
2015-04-26T20:15:17Z,online,60,1
2015-12-18T16:38:06Z,online,49,1
2015-06-03T18:19:20Z,online,95,3
2015-02-05T22:35:02Z,online,46,3
2015-12-26T16:28:25Z,online,39,3
2015-11-19T11:57:31Z,online,74,2
2015-06-20T16:20:47Z,online,66,3
2015-11-04T01:28:39Z,market,8,2
2015-11-17T10:05:28Z,market,18,2
2015-11-01T12:14:25Z,market,41,2
2015-03-24T21:30:04Z,online,52,3
2015-06-25T20:46:09Z,market,1,3
2015-02-09T09:43:29Z,online,87,2
2015-01-29T11:04:54Z,online,83,2
2015-06-22T04:38:28Z,market,6,2
2015-03-24T11:35:33Z,online,71,2
2015-01-24T16:36:36Z,market,86,3
2015-01-20T17:17:54Z,online,96,1
2015-09-28T16:40:57Z,market,23,1
2015-05-24T10:35:58Z,market,6,3
2015-06-27T23:34:27Z,online,53,3
2015-07-06T04:42:10Z,online,25,3
2015-05-11T10:56:55Z,online,8,3
2015-07-27T16:55:30Z,market,60,2
2015-07-03T04:06:30Z,online,70,3
2015-04-27T08:55:50Z,online,91,2
2015-07-11T16:53:10Z,market,72,3
2015-08-06T15:55:58Z,online,11,1
2015-02-07T05:34:31Z,market,39,2
2015-08-19T04:13:23Z,market,36,1
2015-03-03T14:37:20Z,market,80,1
2015-07-22T07:33:33Z,online,75,2
2015-06-17T19:03:17Z,online,47,1
2015-05-01T17:13:26Z,online,62,3
2015-07-22T08:46:30Z,online,99,2
2015-03-01T10:10:55Z,online,68,1
2015-12-26T13:37:15Z,market,38,3
2015-12-19T14:57:53Z,online,35,3
2015-05-16T13:22:43Z,market,90,3
2015-08-11T22:24:24Z,market,22,2
2015-02-18T01:05:28Z,online,22,1
2015-10-06T14:01:50Z,online,92,3
2015-05-18T07:18:46Z,online,38,1
2015-06-28T10:36:17Z,online,66,3
2015-10-27T09:29:00Z,online,16,1
2015-08-19T22:50:08Z,online,82,2
2015-12-12T01:14:15Z,market,33,2
2015-04-22T02:08:17Z,online,24,3
2015-06-03T22:25:05Z,market,84,1
2015-01-05T03:35:04Z,online,77,1
2015-11-26T19:19:29Z,market,97,1
2015-01-04T15:02:47Z,market,74,3
2015-02-23T19:19:57Z,online,92,1
2015-12-19T10:56:52Z,online,20,2
2015-09-24T12:22:12Z,market,70,3
2015-01-16T20:50:34Z,online,92,2
2015-03-22T10:29:47Z,online,7,1
2015-05-03T14:31:27Z,market,66,3
2015-01-13T22:37:48Z,online,66,2
2015-09-17T23:39:27Z,online,64,2
2015-03-24T04:52:02Z,online,89,3
2015-08-23T04:40:08Z,online,76,1
2015-06-19T06:50:09Z,market,10,3
2015-01-11T18:39:14Z,market,86,3
2015-08-26T10:27:03Z,online,70,2
2015-03-22T13:39:08Z,online,42,2
2015-09-15T07:52:07Z,market,41,1
2015-02-16T07:55:22Z,online,35,3
2015-09-01T20:15:41Z,market,6,1
2015-07-22T11:27:02Z,market,90,3
2015-06-20T17:40:10Z,market,63,1
2015-02-03T17:25:57Z,market,48,3
2015-06-08T00:28:56Z,online,23,2
2015-06-23T04:07:35Z,online,95,1
2015-04-21T01:08:37Z,online,25,1
2015-04-14T23:23:13Z,online,67,3
2015-09-21T12:06:46Z,market,4,3
2015-09-21T13:47:21Z,online,43,2
2015-03-31T17:05:53Z,online,98,3
2015-10-06T15:55:00Z,online,31,1
2015-03-30T15:23:25Z,online,3,3
2015-08-06T17:40:39Z,online,66,3
2015-02-09T09:54:32Z,online,37,2
2015-09-15T21:27:12Z,market,62,1
2015-02-14T09:21:34Z,online,13,1
2015-11-04T16:50:15Z,market,88,2
2015-06-27T08:33:30Z,online,97,3
2015-05-30T18:13:31Z,market,83,1
2015-11-29T06:27:18Z,market,45,2
2015-03-25T23:05:19Z,online,78,3
2015-04-18T12:25:55Z,online,88,3
2015-06-28T20:35:08Z,online,82,1
2015-05-06T23:11:38Z,market,69,3
2015-01-25T05:04:32Z,online,78,2
2015-11-02T18:40:50Z,online,75,1
2015-12-27T21:39:38Z,market,44,1
2015-11-20T08:41:41Z,market,6,2
2015-04-23T16:21:55Z,online,8,1
2015-02-10T19:09:39Z,market,16,3
2015-12-18T03:20:33Z,online,29,2
2015-09-06T17:58:04Z,online,62,1
2015-08-10T06:21:49Z,market,29,2
2015-06-28T18:40:17Z,market,45,2
2015-08-10T15:53:17Z,market,83,2
2015-10-14T11:23:55Z,online,50,1
2015-08-23T04:58:56Z,market,9,1
2015-09-26T19:02:24Z,online,32,1
2015-05-27T23:48:12Z,market,75,3
2015-05-14T21:41:08Z,market,16,3
2015-08-03T17:38:43Z,online,77,1
2015-04-28T22:14:34Z,market,64,1
2015-11-14T23:50:19Z,online,80,2
2015-06-11T23:27:47Z,market,78,3
2015-10-12T03:52:19Z,market,80,2
2015-04-19T08:30:03Z,market,95,1
2015-04-18T16:00:24Z,online,35,1
2015-02-18T00:10:21Z,online,62,2
2015-03-06T08:02:58Z,online,91,2
2015-05-11T19:41:22Z,online,90,2
2015-12-21T18:34:53Z,online,38,2
2015-02-13T17:54:33Z,online,99,3
2015-02-21T18:20:58Z,online,27,2
2015-09-28T08:59:17Z,market,91,3
2015-07-13T17:11:05Z,market,35,3
2015-05-28T09:45:28Z,market,97,1
2015-07-26T08:21:11Z,online,63,2
2015-11-04T00:52:25Z,market,27,2
2015-05-28T18:43:57Z,online,27,2
2015-04-23T18:08:12Z,online,97,2
2015-07-04T02:58:31Z,market,28,2
2015-02-09T05:34:58Z,market,46,3
2015-01-31T13:39:08Z,market,6,1
2015-05-25T02:05:30Z,online,53,3
2015-09-08T05:39:47Z,online,35,1
2015-05-27T19:11:01Z,market,52,2
2015-10-19T14:01:32Z,market,50,1
2015-02-12T18:28:34Z,market,82,2
2015-05-28T18:46:38Z,market,82,2
2015-05-28T05:19:33Z,market,21,1
2015-01-12T23:21:55Z,market,59,1
2015-07-22T21:39:49Z,online,97,3
2015-08-04T01:34:57Z,online,4,2
2015-02-19T01:19:40Z,online,75,3
2015-11-04T07:56:56Z,online,65,3
2015-12-13T10:38:41Z,online,66,3
2015-03-18T21:35:59Z,online,59,2
2015-07-13T16:55:11Z,market,58,3
2015-05-15T06:05:03Z,market,16,2
2015-02-21T16:09:01Z,market,33,1
2015-12-10T15:47:59Z,online,44,2
2015-03-10T22:02:35Z,market,95,3
2015-10-15T18:34:09Z,online,91,2
2015-05-28T04:18:05Z,online,39,3
2015-10-21T06:08:06Z,market,43,2
2015-12-15T03:39:52Z,online,85,1
2015-06-14T23:07:04Z,online,94,1
2015-03-19T08:43:29Z,market,77,1
2015-01-21T07:05:53Z,market,80,1
2015-05-21T17:46:31Z,market,36,1
2015-07-07T01:32:02Z,online,65,2
2015-06-25T18:04:52Z,online,25,1
2015-05-13T21:22:50Z,market,20,1
2015-05-10T18:48:04Z,online,43,2
2015-01-17T11:48:44Z,market,3,2
2015-04-27T16:55:52Z,market,35,2
2015-07-17T16:45:12Z,online,3,3
2015-10-13T19:17:28Z,market,6,3
2015-06-27T11:54:19Z,market,49,1
2015-01-21T06:07:48Z,online,61,1
2015-10-13T13:36:31Z,online,45,2
2015-05-13T09:59:31Z,online,31,3
2015-02-13T08:42:22Z,market,41,1
2015-11-02T15:39:31Z,market,97,3
2015-08-23T02:29:04Z,online,60,3
2015-04-18T18:38:31Z,online,79,2
2015-04-21T22:50:30Z,market,49,2
2015-08-04T06:49:36Z,market,62,3
2015-12-14T14:58:32Z,online,18,1
2015-01-19T23:12:25Z,online,72,1
2015-07-02T13:11:05Z,online,21,3
2015-01-21T08:32:28Z,online,20,1
2015-05-08T12:58:52Z,online,58,2
2015-07-08T16:24:50Z,market,28,1
2015-07-06T13:34:16Z,online,32,2
2015-09-06T21:58:31Z,market,50,1
2015-12-06T02:40:10Z,online,82,1
2015-07-13T04:44:41Z,online,64,3
2015-02-07T15:30:01Z,market,29,2
2015-10-15T16:22:53Z,online,37,2
2015-09-06T09:30:43Z,market,79,2
2015-01-29T11:49:14Z,online,35,2
2015-03-11T19:43:19Z,online,24,1
2015-04-26T22:09:59Z,online,67,1
2015-12-27T09:30:50Z,online,46,3
2015-07-10T17:58:56Z,online,21,3
2015-09-07T14:11:09Z,market,30,3
2015-03-25T05:39:53Z,market,83,1
2015-04-07T23:02:42Z,online,35,1
2015-12-26T11:17:35Z,online,7,1
2015-11-28T14:39:19Z,market,9,2
2015-03-15T10:25:16Z,online,47,3
2015-05-13T19:40:10Z,online,95,2
2015-06-16T04:57:45Z,market,49,3
2015-01-21T03:00:48Z,market,82,1
2015-08-08T21:53:17Z,market,43,2
2015-06-04T21:37:16Z,market,74,1
2015-11-20T03:24:22Z,market,32,2
2015-02-17T11:02:58Z,market,97,1
2015-02-14T21:52:20Z,market,39,1
2015-06-20T09:47:19Z,online,67,2
2015-11-18T08:40:42Z,online,65,2
2015-09-14T21:55:15Z,market,10,2
2015-03-18T07:58:47Z,online,72,2
2015-02-23T15:16:45Z,online,50,1
2015-10-25T18:34:01Z,online,40,2
2015-04-22T13:16:27Z,market,10,1
2015-07-04T20:15:44Z,online,99,2
2015-08-12T11:28:18Z,market,92,1
2015-07-15T03:38:54Z,online,79,3
2015-05-30T22:02:41Z,online,55,1
2015-10-07T20:19:23Z,online,97,2
2015-01-01T13:16:09Z,online,78,3
2015-06-27T02:26:20Z,online,65,3
2015-11-15T04:15:09Z,market,50,1
2015-03-22T22:35:36Z,online,46,1
2015-07-23T11:23:36Z,online,63,1
2015-11-07T16:11:38Z,online,55,1
2015-09-15T07:45:24Z,market,67,1
2015-08-10T03:37:51Z,market,76,1
2015-06-04T08:49:55Z,online,3,1
2015-10-30T05:09:21Z,online,90,2
2015-05-02T03:42:57Z,online,61,2
2015-08-31T19:50:36Z,market,77,2
2015-05-02T19:18:55Z,market,61,3
2015-12-30T21:16:53Z,online,88,3
2015-10-01T17:48:57Z,online,64,2
2015-10-09T05:40:30Z,market,28,2
2015-08-28T10:45:20Z,online,6,3
2015-10-28T04:01:36Z,online,19,3
2015-07-19T23:31:33Z,online,77,1
2015-11-12T17:47:44Z,market,47,1
2015-07-26T04:47:36Z,market,36,2
2015-07-02T11:21:21Z,online,4,2
2015-11-14T07:12:15Z,online,9,2
2015-10-28T07:24:39Z,online,97,2
2015-12-06T13:54:13Z,online,15,1
2015-11-16T12:46:38Z,market,67,3
2015-01-17T19:11:18Z,online,97,3
2015-11-23T05:56:06Z,market,69,3
2015-08-19T05:35:58Z,market,49,3
2015-01-05T20:21:40Z,online,33,2
2015-12-07T19:15:56Z,online,8,1
2015-02-25T05:06:43Z,market,29,2
2015-07-21T19:21:57Z,market,91,3
2015-11-26T17:07:33Z,online,11,2
2015-06-26T19:16:21Z,market,15,1
2015-10-18T08:15:27Z,market,69,2
2015-06-03T05:53:42Z,market,70,1
2015-03-18T16:06:37Z,online,72,1
2015-07-11T02:32:50Z,market,51,1
2015-07-07T17:14:50Z,online,43,1
2015-02-23T00:47:00Z,online,51,2
2015-04-12T12:45:02Z,market,10,3
2015-03-13T06:15:27Z,online,44,3
2015-08-05T09:49:22Z,online,25,1
2015-10-21T02:30:54Z,online,59,1
2015-06-21T03:55:28Z,market,77,1
2015-11-07T18:50:28Z,market,72,2
2015-09-15T14:36:40Z,online,38,3
2015-12-31T01:06:25Z,online,34,3
2015-10-07T18:05:03Z,market,85,1
2015-04-18T07:24:12Z,market,54,3
2015-02-08T05:14:01Z,online,49,3
2015-06-12T21:25:54Z,online,21,3
2015-02-28T17:30:56Z,online,60,2
2015-02-24T14:08:13Z,market,81,1
2015-03-16T07:03:05Z,market,28,2
2015-08-04T10:52:10Z,online,20,3
2015-11-22T20:48:02Z,online,13,3
2015-05-02T03:44:59Z,market,86,2
2015-03-28T07:45:42Z,market,97,3
2015-02-09T07:20:27Z,online,24,1
2015-04-06T16:23:25Z,market,32,2
2015-07-30T12:26:02Z,online,30,3
2015-02-07T06:28:22Z,online,85,1
2015-04-21T10:11:32Z,online,87,1
2015-07-05T15:56:46Z,market,18,1
2015-03-17T18:56:42Z,online,21,3
2015-12-24T12:48:45Z,market,100,1
2015-09-14T13:40:46Z,online,22,2
2015-04-21T22:27:06Z,online,43,1
2015-01-21T00:28:29Z,online,4,1
2015-10-22T07:37:27Z,online,10,2
2015-11-13T13:48:14Z,online,96,3
2015-03-01T22:06:51Z,market,61,3
2015-01-03T18:12:44Z,market,55,1
2015-08-05T14:24:16Z,online,92,2
2015-02-25T04:28:22Z,market,75,3
2015-01-18T04:30:20Z,online,51,3
2015-10-18T01:29:09Z,online,20,1
2015-07-26T17:28:18Z,market,56,2
2015-05-03T11:07:32Z,market,99,3
2015-01-22T01:00:42Z,online,74,2
2015-11-23T16:08:54Z,online,44,3
2015-02-19T23:44:54Z,online,11,1
2015-01-24T12:48:33Z,market,58,2
2015-04-25T21:13:59Z,market,67,2
2015-02-05T14:19:10Z,market,77,2
2015-03-23T20:53:27Z,market,11,3
2015-07-14T18:25:18Z,online,7,3
2015-12-05T11:28:00Z,online,81,1
2015-08-05T07:49:47Z,market,70,1
2015-09-01T22:02:45Z,online,98,1
2015-10-25T19:04:40Z,market,19,1
2015-12-23T16:12:07Z,market,26,3
2015-11-21T12:24:55Z,market,33,2
2015-10-07T15:18:36Z,market,69,3
2015-04-18T20:30:22Z,market,88,2
2015-11-18T13:08:16Z,market,7,1
2015-10-04T20:46:02Z,online,12,3
2015-05-22T03:27:15Z,online,82,3
2015-11-17T04:49:04Z,market,7,2
2015-06-11T17:50:21Z,online,13,1
2015-08-14T10:15:45Z,market,51,1
2015-09-27T06:59:36Z,market,70,2
2015-08-14T11:54:15Z,market,49,2
2015-02-25T04:51:31Z,market,75,2
2015-05-16T12:18:29Z,online,79,3
2015-01-31T00:18:51Z,online,27,2
2015-03-27T10:41:23Z,online,100,2
2015-07-17T15:30:56Z,online,13,1
2015-04-29T03:03:55Z,market,7,1
2015-04-29T01:28:29Z,market,60,2
2015-06-09T16:13:49Z,online,16,1
2015-08-27T10:39:29Z,market,42,1
2015-07-30T18:14:56Z,market,33,3
2015-09-05T09:18:46Z,online,18,2
2015-01-09T01:29:33Z,online,95,2
2015-05-24T00:20:29Z,market,16,3
2015-11-22T03:24:17Z,market,38,1
2015-07-01T04:29:05Z,online,65,3
2015-05-31T01:01:13Z,online,83,1
2015-12-20T20:36:56Z,market,95,1
2015-10-30T23:53:43Z,online,57,3
2015-09-02T12:03:05Z,online,18,1
2015-12-03T13:31:07Z,online,93,2
2015-07-01T08:59:51Z,market,87,1
2015-03-29T03:20:46Z,market,67,3
2015-03-22T05:28:18Z,market,54,3
2015-10-22T22:54:45Z,online,87,3
2015-04-05T16:01:26Z,market,44,3
2015-07-10T15:25:41Z,online,77,3
2015-09-19T13:36:33Z,online,17,2
2015-06-18T20:29:53Z,online,53,2
2015-09-16T10:14:28Z,online,33,2
2015-11-06T15:42:08Z,online,35,1
2015-06-24T06:39:57Z,market,36,2
2015-09-16T03:04:07Z,market,22,1
2015-08-25T08:18:08Z,online,50,3
2015-11-05T12:52:43Z,market,12,1
2015-11-30T08:16:35Z,online,7,1
2015-03-24T00:54:33Z,market,8,1
2015-07-10T16:23:07Z,online,67,3
2015-10-08T19:58:16Z,market,79,2
2015-05-03T11:07:46Z,market,9,2
2015-02-07T04:21:14Z,online,1,1
2015-04-22T10:25:11Z,market,43,3
2015-11-20T19:32:43Z,online,45,1
2015-04-06T01:51:12Z,online,83,1
2015-03-21T17:00:50Z,online,78,1
2015-05-18T23:24:26Z,market,24,2
2015-01-20T11:28:14Z,market,29,1
2015-10-20T00:57:39Z,online,46,3
2015-01-12T09:15:00Z,online,3,2
2015-12-30T05:59:06Z,market,70,3
2015-01-04T08:04:28Z,online,77,2
2015-12-09T03:10:22Z,online,81,3
2015-09-15T18:39:25Z,online,60,3
2015-06-23T06:16:41Z,market,16,3
2015-07-30T03:53:49Z,online,75,1
2015-02-28T23:14:56Z,market,34,2
2015-01-28T20:42:40Z,market,71,3
2015-11-17T09:58:38Z,market,8,1
2015-12-07T22:59:21Z,market,91,2
2015-09-01T12:46:32Z,online,75,1
2015-05-06T09:36:05Z,online,90,2
2015-01-10T23:55:47Z,online,66,3
2015-05-18T01:45:44Z,online,41,2
2015-01-19T05:05:51Z,online,94,3
2015-05-12T01:26:45Z,market,90,3
2015-12-10T23:18:35Z,market,77,2
2015-04-09T05:51:47Z,market,95,1
2015-03-16T04:01:37Z,market,98,3
2015-08-18T07:49:22Z,online,64,2
2015-06-13T08:24:54Z,online,61,2
2015-06-07T09:51:50Z,market,35,2
2015-02-16T11:04:56Z,market,49,2
2015-01-16T11:35:48Z,online,56,1
2015-02-12T17:44:15Z,online,73,2
2015-04-30T11:35:31Z,market,26,1
2015-01-02T04:11:32Z,online,88,1
2015-08-13T14:54:18Z,market,62,2
2015-05-20T14:13:41Z,market,88,2
2015-02-16T22:21:52Z,online,27,1
2015-07-26T13:56:48Z,market,59,1
2015-05-17T10:56:56Z,market,62,2
2015-03-23T23:03:09Z,market,99,1
2015-10-26T10:47:58Z,market,24,2
2015-06-09T05:36:27Z,market,1,3
2015-06-20T14:41:44Z,online,94,3
2015-09-18T14:03:33Z,market,77,1
2015-08-24T21:18:43Z,market,44,1
2015-06-18T00:45:12Z,market,67,1
2015-05-26T23:58:07Z,market,26,3
2015-12-31T19:51:32Z,online,45,3
2015-02-18T03:40:45Z,online,20,1
2015-09-15T17:17:41Z,market,33,2
2015-02-15T05:17:51Z,online,25,1
2015-10-22T14:30:42Z,market,55,1
2015-06-11T18:51:29Z,online,88,2
2015-04-03T00:07:58Z,online,46,3
2015-07-07T23:49:05Z,online,91,1
2015-01-14T21:29:30Z,market,2,3
2015-06-07T05:57:42Z,online,89,3
2015-09-16T10:54:19Z,online,32,2
2015-06-08T09:46:36Z,market,28,2
2015-03-03T09:50:08Z,market,99,2
2015-10-21T05:27:43Z,market,38,1
2015-04-17T23:37:51Z,market,99,3
2015-12-05T09:50:04Z,online,36,3
2015-11-04T06:03:53Z,online,98,1
2015-04-03T02:15:20Z,market,37,2
2015-08-28T10:53:23Z,market,35,2
2015-02-04T14:38:28Z,online,91,3
2015-09-03T00:57:00Z,market,75,2
2015-07-14T17:25:14Z,market,40,3
2015-01-20T10:48:45Z,market,38,1
2015-07-11T05:59:26Z,market,37,3
2015-12-21T17:07:31Z,market,19,2
2015-12-19T14:57:21Z,market,91,3
2015-06-11T16:07:50Z,online,85,3
2015-12-09T15:48:24Z,market,78,2
2015-05-15T18:05:38Z,online,16,2
2015-04-15T01:34:23Z,online,33,1
2015-05-26T19:18:23Z,market,94,2
2015-12-04T09:35:01Z,market,2,1
2015-02-16T10:59:28Z,market,11,2
2015-09-13T18:52:05Z,market,17,1
2015-04-08T08:15:37Z,market,21,3
2015-09-25T01:34:53Z,online,12,2
2015-12-17T13:37:55Z,online,58,3
2015-01-31T23:26:31Z,online,43,3
2015-12-29T06:31:36Z,market,29,3
2015-11-03T00:31:21Z,online,60,3
2015-12-05T23:58:20Z,online,11,3
2015-02-06T14:42:53Z,online,31,1
2015-04-29T09:18:35Z,online,21,2
2015-02-03T06:51:21Z,online,30,3
2015-05-11T14:52:56Z,online,52,1
2015-10-20T03:58:25Z,market,42,1
2015-05-02T12:13:13Z,online,72,2
2015-01-25T02:17:58Z,online,85,1
2015-03-09T23:25:43Z,online,20,1
2015-06-11T09:46:28Z,market,25,1
2015-04-14T23:36:08Z,online,11,1
2015-03-10T11:54:47Z,market,73,3
2015-09-17T20:17:24Z,market,35,3
2015-08-11T13:52:55Z,market,72,3
2015-11-01T06:05:47Z,market,77,1
2015-01-21T17:16:47Z,online,9,1
2015-01-27T02:29:44Z,online,18,2
2015-05-26T12:40:40Z,market,14,3
2015-11-01T18:09:09Z,market,82,3
2015-12-30T03:57:44Z,market,67,1
2015-06-26T00:18:08Z,market,78,2
2015-08-21T11:19:12Z,market,87,1
2015-10-03T20:18:40Z,online,4,3
2015-09-23T08:59:57Z,online,96,3
2015-06-12T06:16:11Z,market,16,2
2015-01-03T05:50:50Z,market,36,2
2015-09-02T19:56:54Z,online,31,2
2015-08-20T10:19:44Z,market,65,3
2015-01-07T00:24:06Z,online,2,3
2015-01-22T11:28:44Z,online,47,3
2015-05-13T12:10:38Z,market,27,2
2015-01-09T12:51:06Z,online,87,3
2015-10-22T04:26:10Z,online,50,1
2015-09-12T04:59:45Z,online,50,3
2015-05-22T18:44:04Z,online,81,3
2015-10-17T16:00:49Z,online,52,2
2015-05-30T19:50:15Z,online,58,3
2015-03-26T01:00:04Z,market,31,3
2015-08-29T05:30:28Z,online,94,2
2015-07-15T23:18:58Z,online,75,3
2015-08-04T22:54:35Z,market,68,1
2015-12-01T08:04:25Z,online,26,2
2015-04-12T15:10:51Z,online,17,1
2015-09-24T01:15:10Z,market,88,2
2015-08-19T23:23:20Z,market,93,1
2015-10-09T10:22:33Z,market,54,2
2015-04-30T02:57:25Z,market,72,3
2015-11-06T00:00:10Z,market,48,3
2015-12-17T07:38:42Z,market,25,2
2015-03-20T16:27:24Z,online,16,3
2015-02-05T14:54:17Z,market,18,1
2015-01-04T17:56:14Z,online,58,1
2015-07-16T17:39:43Z,market,12,3
2015-12-31T01:39:44Z,market,71,1
2015-05-18T10:22:17Z,market,1,1
2015-04-15T23:04:05Z,online,23,3
2015-01-04T12:13:14Z,online,94,1
2015-11-10T06:51:39Z,online,25,1
2015-06-22T13:33:17Z,market,63,3
2015-04-21T04:04:53Z,market,1,3
2015-10-19T14:11:06Z,market,33,2
2015-08-04T06:57:36Z,market,75,2
2015-05-27T17:08:12Z,market,81,2
2015-01-05T07:05:24Z,market,100,3
2015-07-15T08:56:44Z,online,30,1
2015-04-12T04:32:18Z,market,75,2
2015-11-30T01:52:36Z,online,9,3
2015-09-25T00:17:47Z,online,96,1
2015-09-28T04:23:37Z,online,69,2
2015-11-04T10:10:31Z,market,71,1
2015-11-08T16:15:59Z,market,98,1
2015-01-01T06:03:33Z,market,33,1
2015-12-19T02:10:46Z,market,74,2
2015-10-02T06:24:58Z,market,96,1
2015-08-01T03:51:31Z,market,35,3
2015-06-18T21:00:39Z,online,68,3
2015-12-29T04:47:56Z,market,21,3
2015-12-02T02:46:06Z,online,59,2
2015-07-03T21:57:59Z,online,33,3
2015-11-17T15:54:41Z,online,48,1
2015-07-09T13:51:01Z,market,36,1
2015-02-28T12:34:24Z,market,87,1
2015-01-12T11:18:07Z,market,21,3
2015-12-30T18:06:29Z,online,74,2
2015-03-24T06:38:07Z,online,95,1
2015-09-17T06:27:54Z,market,71,1
2015-12-27T23:16:40Z,market,59,1
2015-11-19T18:33:03Z,online,6,2
2015-06-12T23:56:52Z,market,81,2
2015-03-10T12:32:03Z,market,90,3
2015-06-03T09:18:11Z,market,65,3
2015-08-22T05:00:39Z,online,45,1
2015-01-19T09:30:46Z,online,95,1
2015-03-06T20:04:37Z,market,87,2
2015-09-27T21:05:23Z,online,43,1
2015-03-13T01:24:25Z,online,50,2
2015-01-10T09:44:53Z,market,79,3
2015-07-22T12:44:36Z,market,26,3
2015-09-18T08:51:43Z,online,67,3
2015-02-21T00:29:11Z,online,96,3
2015-07-15T08:31:28Z,online,87,3
2015-07-23T06:26:18Z,online,99,1
2015-09-08T19:06:35Z,online,52,2
2015-04-18T01:47:34Z,online,76,3
2015-02-23T14:29:52Z,online,17,3
2015-11-27T12:28:23Z,market,15,2
2015-04-26T14:24:47Z,online,48,3
2015-12-19T10:28:00Z,online,98,1
2015-12-10T07:37:25Z,online,63,2
2015-06-18T07:30:39Z,online,99,3
2015-09-22T08:07:06Z,online,66,2
2015-02-23T13:36:44Z,online,42,1
2015-04-28T16:37:55Z,market,13,3
2015-08-30T05:22:56Z,online,52,3
2015-09-26T13:45:52Z,online,28,3
2015-03-08T03:46:00Z,market,89,3
2015-04-03T22:14:03Z,online,25,3
2015-09-16T14:28:49Z,market,70,1
2015-12-03T15:29:51Z,online,23,2
2015-05-19T12:44:50Z,online,2,1
2015-12-25T22:50:18Z,market,29,1
2015-10-06T16:17:14Z,online,87,2
2015-02-11T15:15:48Z,market,1,2
2015-01-01T11:59:44Z,online,82,3
2015-08-11T15:44:06Z,market,17,3
2015-03-11T11:43:21Z,market,91,2
2015-07-30T14:14:52Z,market,33,1
2015-02-28T12:25:28Z,market,34,3
2015-04-12T05:20:18Z,market,93,2
2015-10-17T18:30:29Z,online,67,2
2015-10-15T04:06:31Z,market,20,2
2015-03-12T16:16:25Z,online,26,1
2015-03-17T21:39:10Z,online,77,2
2015-10-28T12:14:22Z,online,59,3
2015-02-24T21:26:43Z,market,72,1
2015-01-24T17:11:48Z,market,19,2
2015-11-11T10:57:47Z,online,8,3
2015-10-03T19:52:37Z,online,67,3
2015-08-27T11:57:27Z,market,20,3
2015-01-30T07:04:27Z,market,21,3
2015-10-21T14:46:48Z,market,1,1
2015-04-02T13:10:43Z,market,62,2
2015-11-06T13:59:20Z,market,32,2
2015-06-24T01:30:05Z,market,63,2
2015-04-25T11:13:00Z,online,46,3
2015-04-17T09:05:16Z,market,83,1
2015-04-28T08:02:53Z,market,69,2
2015-04-03T19:49:14Z,online,31,3
2015-05-17T11:59:03Z,market,61,1
2015-01-19T07:00:56Z,online,31,1
2015-03-28T06:54:33Z,online,68,1
2015-01-29T21:56:40Z,online,64,1
2015-04-21T22:12:16Z,online,3,2
2015-07-03T21:10:40Z,online,7,2
2015-01-29T03:56:50Z,online,99,1
2015-04-24T04:03:41Z,market,11,3
2015-12-19T06:17:04Z,market,32,3
2015-03-06T05:58:56Z,online,64,3
2015-07-21T16:16:14Z,online,100,2
2015-05-15T05:03:21Z,market,64,2
2015-11-23T16:47:01Z,online,7,1
2015-06-24T22:43:36Z,market,60,1
2015-03-09T14:26:15Z,online,4,3
2015-03-22T10:35:18Z,market,21,3
2015-03-29T04:09:39Z,online,28,3
2015-08-04T17:44:50Z,market,25,1
2015-08-08T14:35:31Z,online,98,3
2015-05-17T17:41:51Z,online,88,2
2015-05-15T23:53:38Z,online,74,1
2015-06-17T07:06:28Z,online,6,3
2015-11-09T23:36:13Z,online,74,3
2015-03-05T05:06:14Z,market,84,3
2015-09-08T07:42:26Z,market,37,1
2015-03-17T16:10:27Z,market,42,1
2015-07-29T17:25:11Z,market,69,3
2015-04-19T04:56:36Z,market,87,1
2015-12-11T15:36:56Z,online,39,3
2015-07-27T22:10:12Z,market,13,1
2015-06-03T14:32:30Z,market,11,1
2015-06-15T04:53:46Z,online,60,3
2015-06-20T12:11:13Z,market,55,2
2015-05-17T21:49:14Z,market,15,3
2015-03-14T09:37:59Z,market,7,1
2015-06-28T16:46:38Z,online,90,2
2015-01-16T05:00:33Z,market,8,2
2015-10-05T19:20:01Z,online,79,2
2015-05-24T23:50:09Z,online,95,3
2015-08-07T02:16:30Z,market,47,1
2015-11-15T14:36:20Z,online,99,2
2015-05-01T05:39:32Z,market,79,3
2015-06-05T15:12:28Z,online,86,2
2015-05-20T23:39:07Z,market,47,2
2015-03-03T01:34:22Z,online,63,1
2015-03-09T14:24:18Z,online,4,3
2015-04-16T05:26:45Z,online,45,2
2015-02-21T09:53:14Z,market,55,2
2015-08-15T11:01:37Z,online,96,1
2015-08-16T18:13:15Z,market,62,3
2015-09-23T15:45:47Z,online,96,1
2015-10-13T12:53:28Z,market,80,3
2015-12-26T23:28:36Z,online,24,2
2015-10-19T04:24:22Z,online,87,3
2015-12-20T14:24:07Z,market,61,3
2015-08-05T23:34:58Z,market,88,3
2015-07-09T05:42:51Z,online,62,3
2015-12-30T07:20:00Z,online,35,3
2015-01-08T02:20:17Z,online,99,2
2015-05-06T00:40:39Z,market,80,3
2015-01-30T20:28:48Z,online,71,3
2015-04-22T16:57:45Z,online,56,2
2015-04-01T05:37:42Z,market,37,3
2015-08-09T02:43:54Z,market,65,1
2015-10-10T15:09:36Z,online,64,1
2015-10-15T20:17:31Z,online,84,3
2015-10-18T23:35:08Z,market,98,1
2015-02-06T08:42:45Z,market,45,1
2015-05-14T01:37:45Z,market,92,2
2015-06-29T12:48:47Z,online,98,2
2015-02-08T02:28:43Z,market,90,3
2015-08-17T11:14:06Z,online,19,2
2015-10-25T17:18:55Z,online,76,1
2015-05-06T12:12:59Z,market,74,2
2015-11-13T14:23:39Z,online,52,2
2015-12-20T22:25:02Z,online,99,3
2015-02-02T05:48:22Z,online,70,3
2015-05-14T13:40:04Z,online,2,3
2015-04-06T10:15:06Z,market,28,1
2015-12-20T09:57:14Z,online,62,1
2015-11-28T14:52:47Z,market,71,2
2015-01-06T12:11:20Z,online,6,1
2015-10-12T17:28:30Z,market,61,2
2015-01-26T08:45:36Z,online,42,1
2015-04-13T19:33:46Z,market,15,3
2015-11-19T23:26:06Z,online,2,1
2015-12-21T14:14:03Z,online,85,2
2015-11-29T21:03:04Z,market,56,2
2015-04-28T14:22:26Z,market,86,2
2015-01-07T10:55:47Z,online,25,1
2015-08-30T01:06:08Z,market,3,1
2015-10-24T06:55:16Z,market,94,2
2015-10-28T15:43:04Z,market,70,1
2015-08-25T01:07:57Z,market,26,2
2015-01-15T01:36:23Z,online,52,2
2015-05-18T11:39:26Z,market,69,1
2015-09-19T04:19:31Z,online,100,3
2015-02-15T07:13:48Z,market,75,1
2015-06-17T16:18:27Z,online,8,1
2015-01-28T07:28:40Z,market,14,2
2015-07-20T11:09:32Z,online,69,3
2015-03-09T03:45:59Z,online,71,2
2015-07-17T05:03:56Z,online,92,1
2015-08-21T19:46:49Z,market,24,3
2015-07-27T18:09:57Z,online,55,3
2015-10-13T03:54:02Z,online,78,2
2015-02-20T08:31:38Z,market,17,2
2015-06-19T07:41:42Z,online,32,1
2015-01-04T02:57:22Z,market,19,3
2015-12-25T03:09:13Z,market,65,2
2015-07-04T21:16:39Z,market,61,1
2015-07-15T12:56:10Z,market,52,3
2015-03-17T09:45:52Z,online,29,3
2015-11-11T12:52:07Z,online,12,3
2015-03-09T13:10:52Z,market,58,2
2015-03-03T08:24:03Z,market,29,2
2015-11-13T11:07:58Z,online,6,1
2015-09-19T02:50:11Z,market,95,3
2015-09-08T19:36:08Z,online,79,1
2015-11-08T13:02:50Z,online,74,2
2015-05-12T20:33:56Z,online,70,3
2015-05-25T12:30:12Z,online,90,2
2015-03-22T21:41:34Z,online,15,3
2015-09-08T19:56:51Z,market,63,2
2015-09-16T20:24:23Z,market,83,1
2015-02-07T02:53:33Z,online,21,3
2015-06-04T03:50:20Z,online,1,2
2015-03-09T12:59:07Z,online,41,3
2015-03-27T20:57:14Z,online,12,1
2015-04-07T11:44:54Z,online,12,1
2015-03-16T01:57:36Z,market,5,1
2015-12-05T04:59:14Z,market,89,1
2015-05-14T11:46:09Z,online,34,1
2015-01-12T12:17:05Z,market,63,3
2015-02-14T18:27:56Z,market,1,2
2015-05-16T02:27:48Z,market,56,1
2015-08-17T11:04:04Z,market,54,2
2015-07-16T15:06:15Z,online,6,1
2015-02-04T19:55:31Z,market,90,3
2015-07-26T12:34:16Z,online,33,3
2015-07-23T11:29:49Z,market,70,2
2015-01-14T16:40:44Z,market,76,2
2015-03-05T04:26:46Z,online,37,1
2015-06-06T20:23:36Z,market,96,2
2015-11-08T19:45:25Z,market,15,2
2015-08-17T00:26:44Z,market,29,1
2015-07-13T01:26:40Z,market,34,2
2015-07-30T16:09:11Z,market,28,2
2015-12-12T09:40:56Z,online,100,2
2015-10-18T19:16:03Z,market,86,2
2015-09-19T08:15:13Z,market,2,3
2015-01-20T09:38:30Z,market,76,3
2015-01-17T00:46:07Z,online,5,1
2015-02-28T06:41:46Z,market,27,2
2015-01-26T15:53:17Z,online,17,1
2015-10-17T06:24:49Z,market,73,1
2015-03-25T20:50:24Z,market,52,1
2015-12-29T21:38:58Z,online,3,1
2015-05-04T10:52:47Z,market,26,2
2015-07-10T01:54:03Z,online,93,1
2015-03-13T20:47:52Z,online,91,3
2015-05-24T09:16:51Z,market,4,1
2015-01-16T04:45:42Z,online,4,3
2015-07-02T13:54:12Z,market,97,2
2015-04-06T10:05:48Z,market,73,1
2015-04-17T07:06:58Z,market,11,2
2015-07-27T02:00:58Z,online,20,2
2015-09-24T14:33:01Z,online,41,2
2015-07-18T09:13:19Z,market,87,2
2015-11-15T08:10:20Z,online,42,1
2015-07-22T07:44:48Z,online,94,3
2015-11-14T05:43:37Z,market,36,3
2015-10-03T11:27:45Z,market,55,1
2015-09-01T21:09:34Z,online,66,1
2015-10-21T14:31:02Z,market,70,1
2015-09-01T17:47:50Z,market,41,3
2015-12-23T21:46:48Z,market,80,3
2015-11-07T05:34:42Z,market,54,3
2015-11-12T08:46:01Z,online,14,3
2015-10-29T21:21:50Z,market,16,2
2015-02-14T00:14:25Z,online,78,1
2015-01-27T12:53:22Z,market,90,3
2015-10-03T20:43:00Z,market,2,3
2015-05-29T01:20:47Z,market,24,1
2015-07-13T04:59:31Z,market,32,2
2015-02-08T14:22:58Z,online,20,3
2015-08-11T11:35:51Z,online,81,1
2015-11-10T19:48:54Z,market,29,3
2015-02-25T19:57:55Z,online,76,2
2015-03-23T05:52:54Z,online,21,3
2015-12-01T22:06:18Z,market,31,1
2015-08-19T03:36:15Z,market,78,3
2015-07-08T01:48:53Z,online,2,1
2015-04-25T16:13:53Z,market,80,3
2015-02-15T18:58:23Z,market,68,3
2015-05-29T13:50:40Z,online,8,2
2015-08-10T21:30:10Z,online,50,1
2015-03-23T17:48:15Z,market,76,1
2015-01-08T03:46:02Z,market,44,3
2015-09-05T08:18:43Z,market,49,1
2015-08-13T01:15:51Z,online,4,1
2015-06-25T06:24:01Z,online,38,1
2015-06-20T17:00:28Z,online,70,2
2015-05-30T22:55:35Z,market,9,2
2015-09-16T13:37:10Z,online,97,2
2015-01-25T20:03:34Z,online,37,2
2015-03-24T00:48:08Z,online,29,1
2015-10-24T01:44:26Z,market,4,3
2015-05-07T13:45:46Z,online,16,3
2015-10-10T02:57:05Z,online,92,3
2015-05-05T00:28:20Z,market,77,2
2015-09-21T20:59:03Z,market,59,2
2015-10-26T09:34:23Z,online,78,3
2015-06-01T21:33:01Z,market,22,3
2015-06-18T02:26:17Z,market,73,2
2015-07-03T10:02:36Z,online,81,2
2015-08-14T20:44:33Z,market,54,3
2015-07-22T23:37:25Z,online,21,2
2015-11-28T08:09:59Z,market,67,2
2015-07-22T14:02:00Z,market,35,2
2015-02-10T08:19:27Z,market,90,1
2015-08-18T00:57:13Z,online,83,2
2015-03-23T11:02:05Z,market,7,3
2015-07-10T20:49:39Z,market,76,2
2015-03-13T15:32:48Z,market,61,1
2015-06-24T14:43:59Z,online,41,2
2015-07-31T18:50:20Z,market,27,2
2015-10-16T17:48:27Z,online,97,1
2015-09-20T05:12:39Z,online,62,3
2015-05-11T19:43:43Z,online,45,2
2015-11-06T08:33:00Z,online,56,1
2015-08-06T17:59:52Z,market,33,3
2015-11-02T18:33:19Z,market,72,2
2015-02-13T06:59:44Z,online,90,1
2015-12-25T23:27:58Z,online,74,1
2015-02-01T23:00:59Z,market,36,2
2015-01-09T08:57:16Z,market,36,1
2015-06-11T03:08:05Z,market,100,1
2015-10-17T07:18:23Z,market,75,3
2015-11-02T10:19:02Z,online,35,2
2015-03-06T10:35:27Z,online,62,3
2015-09-27T09:15:39Z,online,90,3
2015-02-12T12:23:28Z,market,75,3
2015-08-30T04:36:33Z,market,48,3
2015-11-08T18:03:02Z,online,80,2
2015-10-30T15:13:19Z,online,87,2
2015-12-28T16:02:35Z,market,96,2
2015-01-05T18:25:08Z,market,99,1
2015-03-20T01:14:17Z,online,6,3
2015-08-07T08:46:43Z,online,31,3
2015-05-10T07:47:33Z,market,12,2
2015-11-28T19:47:32Z,market,79,2
2015-11-24T23:58:31Z,market,90,1
2015-02-23T09:43:00Z,market,26,2
2015-09-01T08:07:14Z,market,56,1
2015-09-06T21:11:14Z,online,57,2
2015-03-23T18:24:26Z,market,47,2
2015-01-27T01:07:37Z,online,98,2
2015-04-01T13:09:30Z,market,53,1
2015-04-29T14:18:24Z,online,96,3
2015-07-02T22:40:58Z,online,30,1
2015-05-06T23:44:32Z,market,5,3
2015-09-24T00:07:08Z,market,54,1
2015-02-07T11:36:29Z,online,25,2
2015-10-11T22:25:51Z,online,40,2
2015-05-03T01:40:15Z,market,1,1
2015-06-10T06:43:01Z,market,32,1
2015-09-22T18:51:04Z,online,26,1
2015-06-10T15:44:43Z,online,35,3
2015-08-04T02:57:30Z,online,90,1
2015-02-15T04:40:24Z,online,57,2
2015-02-15T03:04:33Z,online,13,3
2015-11-30T08:20:10Z,market,67,3
2015-10-26T11:58:23Z,online,35,2
2015-12-06T09:50:45Z,market,49,3
2015-09-27T21:46:02Z,market,29,3
2015-02-27T12:59:41Z,online,80,1
2015-04-09T13:19:38Z,market,73,3
2015-05-03T07:08:05Z,online,37,3
2015-01-10T07:56:39Z,online,93,2
2015-08-18T08:33:15Z,online,96,3
2015-01-13T16:52:35Z,online,59,2
2015-06-16T20:49:40Z,market,93,2
2015-10-02T15:48:47Z,online,82,3
2015-12-24T18:52:24Z,market,52,1
2015-04-11T05:11:15Z,market,65,3
2015-10-29T22:55:35Z,market,17,2
2015-09-08T00:57:50Z,online,83,3
2015-04-23T07:29:51Z,online,32,3
2015-12-19T16:29:00Z,online,66,2
2015-10-31T05:51:07Z,online,65,1
2015-08-28T03:08:34Z,online,69,3
2015-10-05T14:37:39Z,market,38,3
2015-07-31T09:59:14Z,market,52,1
2015-09-24T15:37:36Z,market,64,1
2015-10-17T14:50:17Z,market,86,1
2015-04-08T18:33:49Z,market,51,2
2015-03-12T01:16:42Z,market,90,1
2015-09-05T09:39:56Z,online,39,1
2015-12-23T05:18:23Z,market,97,1
2015-03-31T21:23:12Z,online,90,1
2015-02-10T15:16:51Z,online,10,3
2015-01-12T04:24:01Z,online,87,3
2015-08-11T09:10:35Z,online,48,2
2015-12-31T06:27:13Z,online,10,3
2015-01-06T06:01:16Z,market,28,3
2015-06-06T12:52:12Z,online,79,1
2015-02-18T21:26:30Z,market,5,1
2015-07-07T03:45:01Z,online,20,1
2015-08-12T01:53:19Z,market,28,2
2015-10-20T12:21:46Z,online,53,2
2015-07-11T10:12:04Z,market,11,1
2015-03-10T00:50:50Z,market,31,2
2015-10-13T07:43:23Z,online,34,2
2015-05-17T05:33:57Z,market,76,2
2015-02-04T06:45:51Z,online,79,2
2015-07-28T18:01:26Z,online,26,1
2015-03-25T23:35:16Z,online,24,3
2015-01-27T09:43:34Z,market,66,1
2015-10-12T10:44:06Z,online,86,3
2015-11-27T19:30:18Z,market,25,2
2015-01-03T14:11:32Z,market,72,1
2015-08-27T05:00:01Z,online,38,2
2015-09-20T10:47:24Z,online,80,3
2015-05-02T04:24:53Z,market,98,3
2015-04-20T06:08:13Z,online,100,2
2015-08-27T23:44:01Z,online,53,2
2015-10-27T23:29:18Z,online,21,1
2015-09-25T18:29:30Z,online,94,1
2015-02-10T05:12:59Z,market,46,1
2015-08-08T01:23:16Z,market,39,3
2015-09-20T09:05:40Z,market,44,2
2015-12-16T21:52:57Z,market,2,2
2015-07-04T03:16:35Z,online,39,1
2015-05-01T11:09:22Z,market,9,1
2015-12-12T04:52:31Z,online,91,3
2015-08-31T02:00:35Z,online,23,2
2015-08-24T05:24:41Z,online,78,3
2015-08-09T01:38:52Z,market,15,3
2015-06-21T14:15:05Z,market,78,2
2015-03-10T05:41:38Z,online,32,3
2015-05-22T11:40:05Z,market,2,3
2015-04-13T20:11:22Z,market,47,2
2015-12-04T17:57:04Z,market,18,2
2015-08-11T06:46:38Z,online,82,2
2015-03-08T01:28:32Z,market,45,3
2015-10-07T15:45:12Z,online,44,1
2015-02-17T15:23:23Z,online,25,1
2015-03-14T11:45:17Z,online,7,3
2015-05-26T02:00:22Z,online,44,3
2015-10-26T20:43:21Z,market,4,2
2015-09-22T00:48:59Z,online,93,3
2015-11-15T11:17:45Z,online,67,1
2015-02-09T16:30:00Z,market,16,2
2015-10-18T14:48:07Z,market,31,2
2015-11-29T08:24:25Z,market,45,1
2015-10-05T23:12:59Z,market,10,1
2015-09-15T16:34:49Z,online,22,2
2015-04-14T23:03:56Z,online,16,1
2015-07-22T11:07:20Z,market,63,3
2015-03-02T22:50:15Z,online,69,3
2015-09-28T21:54:12Z,market,83,3
2015-04-26T18:15:41Z,online,26,1
2015-06-07T09:59:01Z,market,64,2
2015-10-30T16:40:53Z,market,2,1
2015-09-11T15:50:45Z,online,48,1
2015-01-17T10:56:09Z,online,42,1
2015-02-27T21:31:17Z,online,82,1
2015-06-19T08:47:36Z,online,96,2
2015-03-21T12:23:23Z,market,28,2
2015-12-25T01:23:12Z,market,43,2
2015-03-23T13:55:21Z,online,35,1
2015-12-21T20:25:47Z,online,29,3
2015-03-10T11:03:34Z,online,57,1
2015-07-09T13:20:04Z,online,84,2
2015-10-23T02:45:34Z,online,8,3
2015-02-17T19:55:08Z,market,22,2
2015-01-29T20:33:32Z,market,98,2
2015-11-04T07:48:29Z,online,96,1
2015-07-16T22:18:13Z,online,95,3
2015-09-06T01:45:40Z,market,52,2
2015-03-31T05:54:38Z,market,1,3
2015-02-20T13:57:39Z,market,86,1
2015-04-22T16:42:36Z,market,91,2
2015-12-03T20:41:23Z,online,12,2
2015-12-04T07:47:21Z,online,76,2
2015-02-25T16:49:40Z,online,47,2
2015-06-29T14:39:15Z,online,61,3
2015-12-13T22:17:14Z,online,53,1
2015-03-09T03:16:33Z,market,83,2
2015-05-05T12:03:31Z,market,1,3
2015-12-16T10:14:29Z,online,61,3
2015-06-02T11:14:38Z,market,49,3
2015-12-25T18:56:38Z,market,25,1
2015-03-22T12:57:09Z,online,37,2
2015-08-23T13:35:42Z,online,88,2
2015-06-07T06:42:13Z,market,65,2
2015-04-24T14:31:50Z,online,72,3
2015-03-02T14:47:34Z,online,51,3
2015-12-08T00:21:00Z,online,23,3
2015-06-06T13:33:06Z,online,15,1
2015-09-14T06:01:53Z,market,31,3
2015-02-25T10:39:12Z,market,48,1
2015-08-11T22:33:00Z,online,29,3
2015-02-01T15:48:25Z,online,91,1
2015-07-12T20:29:35Z,market,32,3
2015-07-08T05:01:58Z,online,43,2
2015-06-01T10:13:02Z,market,14,3
2015-05-21T20:10:50Z,market,20,1
2015-03-14T08:16:27Z,online,10,3
2015-05-30T01:42:36Z,market,5,3
2015-06-16T19:37:47Z,online,94,3
2015-01-11T08:51:24Z,market,79,3
2015-12-12T19:53:45Z,market,14,3
2015-01-10T20:50:56Z,online,85,1
2015-10-13T21:12:37Z,online,30,2
2015-03-24T20:08:32Z,market,3,1
2015-09-18T12:13:29Z,market,22,1
2015-05-02T14:32:34Z,market,56,2
2015-03-25T08:49:30Z,market,30,2
2015-11-10T00:12:52Z,market,20,2
2015-11-05T07:21:00Z,market,48,2
2015-09-01T22:35:45Z,market,33,1
2015-04-08T10:07:08Z,online,67,3
2015-12-09T09:28:43Z,market,96,1
2015-04-04T01:00:25Z,online,25,2
2015-10-28T16:27:57Z,online,17,3
2015-09-12T13:45:31Z,market,99,2
2015-08-10T12:49:36Z,online,14,3
2015-08-16T07:13:28Z,market,55,3
2015-02-25T14:26:26Z,market,4,3
2015-11-03T16:45:52Z,online,87,3
2015-12-04T18:55:52Z,online,28,1
2015-03-02T20:18:40Z,market,43,3
2015-04-03T02:47:46Z,online,55,1
2015-05-02T04:37:51Z,online,76,2
2015-04-22T08:49:06Z,online,49,3
2015-10-06T00:04:28Z,market,96,2
2015-01-20T18:56:30Z,market,34,3
2015-03-19T16:29:04Z,online,35,2
2015-07-18T02:52:20Z,online,32,1
2015-07-16T06:57:42Z,market,26,2
2015-11-02T20:26:23Z,market,9,2
2015-02-03T00:05:10Z,online,47,2
2015-08-10T09:05:33Z,online,4,1
2015-10-14T16:50:35Z,online,90,1
2015-06-01T17:40:48Z,market,79,3
2015-06-17T12:28:51Z,market,49,2
2015-06-26T13:09:55Z,market,5,1
2015-06-04T23:41:38Z,market,88,2
2015-10-27T21:36:20Z,market,90,1
2015-08-16T00:51:52Z,market,80,1
2015-12-22T23:05:50Z,market,93,2
